Top 5000 Words,Nouns,Verbs,Adjectives,Adverbs,Conjunctions
the,time,be,other,so,and
be,people,have,good,just,that
and,year,do,new,up,but
a,way,say,great,out,or
of,thing,go,big,how,as
to,man,get,high,now,if
in,day,can,old,here,when
i,life,know,bad,then,than
you,woman,will,different,more,because
it,world,would,american,well,while
have,child,make,little,also,so
to,school,think,sure,very,where
that,state,see,small,back,since
for,family,come,right,there,though
do,president,take,large,even,after
he,house,want,real,only,until
with,student,could,best,really,whether
on,part,look,long,why,before
this,place,use,young,right,although
n't,problem,tell,important,down,even
we,country,find,only,on,like
that,week,give,national,too,unless
not,point,need,black,still,nor
but,hand,should,social,never,once
they,group,work,able,in,long
say,guy,try,political,when,except
at,case,let,public,as,now
what,question,call,white,where,far
his,work,may,better,all,for
from,night,mean,late,most,soon
go,game,feel,free,over,in
or,number,ask,sorry,again,rather
by,money,talk,low,always,and/or
get,lot,keep,human,off,whereas
she,book,leave,TRUE,about,not
my,system,put,whole,today,till
can,government,like,easy,ever,case
as,city,help,hard,maybe,provided
know,company,start,early,far,considering
if,story,become,possible,away,given
me,job,happen,wrong,actually,
your,friend,show,full,long,
all,word,seem,local,okay,
who,fact,might,strong,yet,
about,right,hear,fine,much,
their,month,believe,federal,however,
will,program,play,nice,around,
so,business,turn,special,least,
would,home,run,major,already,
make,kind,live,economic,together,
just,study,write,happy,often,
up,issue,bring,clear,ago,
think,name,move,dead,once,
time,idea,must,personal,enough,
there,room,begin,military,almost,
see,percent,love,open,later,
her,law,hold,international,probably,
as,power,read,certain,else,
out,kid,stop,recent,course,
one,war,pay,available,home,
come,head,provide,ready,both,
people,mother,lose,single,little,
take,team,understand,current,better,
year,eye,wait,likely,please,
him,side,meet,general,sometimes,
them,water,thank,short,perhaps,
some,service,change,red,less,
want,area,watch,close,especially,
how,person,sit,medical,pretty,
when,end,create,difficult,quite,
which,hour,learn,private,finally,
now,line,kill,simple,either,
like,girl,include,poor,early,
other,father,stand,common,simply,
could,information,follow,similar,exactly,
our,car,remember,past,soon,
into,minute,speak,hot,no,
here,party,set,natural,before,
then,back,allow,significant,certainly,
than,health,win,entire,nearly,
look,reason,lead,serious,ok,
way,member,continue,financial,tonight,
more,community,spend,beautiful,hard,
these,news,stay,interesting,recently,
no,body,add,left,usually,
thing,level,die,foreign,forward,
well,boy,buy,huge,quickly,
because,university,send,physical,thus,
also,change,walk,legal,rather,
two,center,grow,final,that,
use,face,open,perfect,et,
tell,food,consider,safe,clearly,
good,history,hope,supposed,particularly,
first,result,offer,central,completely,
man,morning,build,main,bit,
day,parent,expect,dark,lot,
find,office,fall,blue,best,
give,research,appear,specific,absolutely,
more,door,serve,global,instead,
new,court,break,various,anyway,
one,moment,end,top,close,
us,street,require,green,indeed,
any,policy,listen,necessary,kind,
those,table,agree,cool,tomorrow,
very,care,cut,democratic,ahead,
her,process,decide,cold,fast,
need,teacher,pass,religious,therefore,
back,data,eat,deep,through,
there,death,report,middle,obviously,
should,experience,suggest,original,alone,
even,plan,sell,particular,eventually,
only,education,support,positive,by,
many,age,receive,popular,immediately,
really,sense,base,total,directly,
work,show,pick,rich,suddenly,
life,college,drive,individual,easily,
why,music,reach,tough,anymore,
right,mind,remain,far,etc,
down,class,explain,crazy,generally,
on,police,hit,okay,along,
try,use,pull,key,inside,
let,effect,raise,sexual,mostly,
something,season,wear,modern,definitely,
too,tax,return,wide,sure,
call,heart,choose,civil,otherwise,
woman,son,cause,normal,highly,
may,art,join,professional,truly,
still,market,teach,traditional,apparently,
through,air,develop,environmental,totally,
mean,force,share,funny,currently,
after,foot,carry,effective,yesterday,
never,baby,miss,previous,somewhere,
no,love,realize,nuclear,seriously,
world,republican,save,afraid,like,
in,interest,catch,heavy,am,
feel,security,cover,just,fully,
yeah,control,describe,cultural,below,
great,rate,guess,successful,basically,
last,report,face,fair,twice,
child,nation,check,future,above,
oh,action,fight,interested,slowly,
over,wife,produce,fresh,possibly,
ask,decision,throw,critical,somehow,
when,value,care,powerful,straight,
as,phone,shoot,willing,slightly,
school,thanks,forget,senior,anywhere,
state,event,focus,potential,relatively,
much,site,point,quick,extremely,
talk,church,note,basic,forever,
out,model,sound,very,deep,
keep,relationship,deal,additional,outside,
leave,movie,increase,involved,pm,
put,field,close,concerned,ultimately,
like,player,lie,wonderful,unfortunately,
help,couple,draw,christian,entirely,
big,record,plan,like,specifically,
where,difference,drop,amazing,though,
same,light,push,alive,late,
all,development,wonder,healthy,neither,
own,role,involve,commercial,under,
while,view,enjoy,alone,significantly,
start,price,seek,sweet,largely,
three,effort,protect,sick,everywhere,
high,voice,represent,average,increasingly,
every,department,fill,stupid,necessarily,
another,leader,state,chinese,previously,
become,photo,place,responsible,hardly,
most,space,fail,smart,personally,
between,project,vote,southern,carefully,
happen,position,compare,western,forth,
family,million,identify,british,meanwhile,
over,film,reduce,following,barely,
president,need,act,complete,apart,
old,type,worry,fun,part,
yes,town,accept,present,likely,
house,article,enter,actual,typically,
show,road,mention,negative,merely,
again,form,wish,regular,somewhat,
student,chance,determine,dangerous,aside,
so,drug,claim,favorite,frequently,
seem,situation,answer,independent,behind,
might,practice,prove,front,online,
part,science,hang,online,literally,
hear,brother,argue,aware,perfectly,
its,matter,occur,extra,whenever,
place,image,imagine,light,essentially,
problem,star,present,european,deeply,
where,cost,figure,multiple,fairly,
believe,post,laugh,wild,first,
country,society,discuss,presidential,closely,
always,picture,finish,daily,regardless,
week,piece,recognize,female,surely,
point,paper,apply,warm,constantly,
hand,energy,prepare,clean,primarily,
off,building,name,tiny,general,
play,doctor,rise,mental,widely,
turn,activity,force,glad,approximately,
few,american,sign,quiet,elsewhere,
group,media,hurt,bright,strongly,
such,evidence,lay,annual,rarely,
against,product,indicate,primary,effectively,
run,arm,exist,strange,particular,
guy,technology,remove,active,equally,
about,comment,avoid,direct,potentially,
case,look,release,impossible,virtually,
question,term,treat,moral,normally,
work,color,hate,academic,moreover,
night,choice,visit,scientific,fucking,
live,source,arrive,african,originally,
game,mom,notice,gay,properly,
number,director,affect,appropriate,heavily,
write,rule,design,obvious,besides,
bring,campaign,respond,broad,nowhere,
without,ground,control,correct,roughly,
money,election,manage,married,initially,
lot,page,post,historical,naturally,
most,test,assume,unique,hopefully,
book,patient,perform,familiar,honestly,
system,video,sleep,french,precisely,
government,support,reveal,sad,similarly,
next,rest,contain,famous,occasionally,
city,step,beat,grand,since,
company,opportunity,improve,lucky,regularly,
story,official,head,proud,publicly,
today,oil,address,angry,rapidly,
job,call,relate,native,mainly,
move,organization,step,supreme,nevertheless,
must,character,form,growing,differently,
bad,county,study,chief,quietly,
friend,future,establish,terrible,shortly,
during,dad,stick,complex,newly,
begin,industry,publish,slow,badly,
love,second,sing,soft,politically,
each,list,discover,corporate,wrong,
hold,stuff,maintain,cheap,incredibly,
different,figure,fly,male,frankly,
american,attention,shall,emotional,hence,
little,risk,born,fucking,furthermore,
before,fire,admit,expensive,physically,
ever,dog,own,busy,successfully,
word,hair,test,tired,repeatedly,
fact,condition,shake,united,lately,
right,wall,shut,educational,partly,
read,daughter,travel,empty,gently,
anything,deal,hide,comfortable,tight,
nothing,author,refer,useful,high,
sure,truth,drink,digital,respectively,
small,husband,prevent,conservative,across,
month,period,touch,tall,loud,
program,series,suffer,live,automatically,
maybe,order,experience,equal,greatly,
right,officer,tend,used,way,
under,land,reflect,russian,consistently,
business,computer,define,soviet,briefly,
home,thought,handle,careful,wherever,
kind,economy,cost,unidentified,seemingly,
stop,goal,announce,domestic,gradually,
pay,bank,feed,english,overall,
study,behavior,trust,official,abroad,
since,act,deliver,surprised,daily,
issue,north,destroy,massive,officially,
name,blood,marry,honest,this,
idea,culture,promise,standard,surprisingly,
room,top,attend,excellent,correctly,
percent,language,replace,criminal,commonly,
far,window,achieve,jewish,short,
away,response,strike,dry,nonetheless,
law,population,count,indian,upstairs,
actually,tree,engage,illegal,practically,
large,park,blow,holy,dramatically,
though,worker,express,eastern,past,
provide,earth,encourage,prime,importantly,
lose,cause,matter,urban,simultaneously,
power,race,smile,internal,any,
kid,letter,fire,guilty,actively,
war,gun,conduct,weak,historically,
understand,course,complete,catholic,last,
head,hell,refuse,secret,lightly,
mother,answer,introduce,super,someday,
real,nature,roll,liberal,legally,
best,administration,earn,thin,thereby,
team,message,examine,rare,near,
eye,song,gain,northern,sexually,
long,congress,result,creative,altogether,
long,attack,ignore,overall,kinda,
side,amount,welcome,long-term,alright,
water,analysis,jump,weird,instantly,
young,store,promote,initial,reportedly,
wait,defense,remind,ancient,good,
okay,bill,fit,brown,supposedly,
both,cell,steal,essential,safely,
yet,performance,cry,limited,allegedly,
after,hospital,commit,pretty,solely,
meet,bed,associate,proper,nearby,
service,board,collect,regional,thoroughly,
area,century,burn,FALSE,likewise,
important,summer,wake,thick,mentally,
person,material,contribute,increased,traditionally,
hey,individual,ride,separate,poorly,
thank,example,order,yellow,firmly,
much,animal,stare,golden,openly,
someone,factor,limit,mean,presumably,
end,sir,appreciate,typical,bad,
change,agency,observe,living,sadly,
however,help,attack,solid,fortunately,
only,ability,survive,mad,readily,
around,mile,deny,fast,additionally,
hour,statement,recall,existing,sometime,
everything,democrat,fix,vast,worldwide,
national,floor,connect,german,o'clock,
four,career,grab,technical,exclusively,
line,dollar,charge,consistent,technically,
girl,sex,demonstrate,relevant,alike,
around,south,mind,fat,partially,
watch,subject,hire,upper,emotionally,
until,decade,measure,visual,explicitly,
father,bit,cross,japanese,annually,
sit,sister,settle,gray,downtown,
create,quality,operate,due,desperately,
information,press,fuck,reasonable,happily,
car,sound,view,pregnant,public,
learn,plant,spread,unable,socially,
least,movement,kick,violent,halfway,
already,scene,threaten,solar,freely,
kill,section,blame,capable,consequently,
minute,treatment,depend,scared,softly,
party,benefit,ensure,outside,sudden,
include,west,intend,spiritual,deliberately,
stand,candidate,approach,double,accurately,
together,approach,gather,mass,strictly,
back,resource,cook,israeli,afterward,
follow,sort,participate,industrial,,
health,size,dress,numerous,,
remember,knowledge,recommend,pure,,
often,sport,explore,extreme,,
reason,tv,extend,vice,,
speak,loss,invite,fellow,,
ago,note,tie,sharp,,
set,meeting,belong,muslim,,
black,skill,obtain,silent,,
member,card,feature,straight,,
community,feeling,defend,nervous,,
once,degree,demand,immediate,,
social,crime,attempt,unusual,,
news,sign,lift,still,,
allow,vote,excuse,anonymous,,
win,king,search,contemporary,,
body,box,emerge,rural,,
lead,disease,judge,severe,,
continue,lady,combine,brief,,
whether,design,train,constant,,
enough,concern,link,usual,,
spend,ball,deserve,clinical,,
level,east,confirm,narrow,,
able,network,insist,ethnic,,
political,success,struggle,practical,,
almost,district,expand,musical,,
boy,cup,launch,opposite,,
university,growth,repeat,awesome,,
before,standard,press,iraqi,,
stay,fan,generate,fundamental,,
add,theory,last,leading,,
later,staff,prefer,incredible,,
change,september,direct,spanish,,
five,set,record,racial,,
probably,strategy,capture,joint,,
center,property,select,enormous,,
among,authority,file,valuable,,
face,method,adopt,electric,,
public,region,solve,remaining,,
die,impact,back,congressional,,
food,committee,disappear,innocent,,
else,dream,predict,accurate,,
history,training,issue,increasing,,
buy,shit,clean,arab,,
result,option,investigate,dirty,,
morning,opinion,fear,dramatic,,
off,interview,afford,pink,,
parent,play,acknowledge,lost,,
office,union,locate,formal,,
course,professor,lean,giant,,
send,pressure,score,ordinary,,
research,purpose,clear,so-called,,
walk,stage,bear,helpful,,
door,sun,review,competitive,,
white,pain,challenge,lovely,,
several,artist,grant,islamic,,
court,employee,declare,odd,,
home,account,organize,evil,,
grow,fund,surround,excited,,
better,environment,propose,damn,,
open,version,rely,complicated,,
moment,shot,mark,blind,,
including,reality,suppose,minor,,
consider,club,celebrate,electronic,,
both,justice,arrest,classic,,
such,river,dance,exciting,,
little,brain,bother,dear,,
within,memory,shift,broken,,
second,rock,warn,visible,,
late,talk,influence,junior,,
street,camera,climb,cute,,
free,detail,conclude,psychological,,
better,challenge,scream,intense,,
everyone,argument,paint,friendly,,
policy,weapon,complain,hungry,,
table,station,nod,offensive,,
sorry,island,accuse,defensive,,
care,discussion,knock,asian,,
low,trouble,match,permanent,,
human,conversation,bet,alternative,,
please,date,cite,exact,,
hope,public,pursue,universal,,
TRUE,army,question,crucial,,
process,charge,estimate,ridiculous,,
teacher,seat,list,sensitive,,
data,writer,comment,bottom,,
offer,credit,invest,constitutional,,
death,marriage,expose,genetic,,
whole,operation,lock,related,,
experience,agent,convince,ultimate,,
plan,access,purchase,unknown,,
easy,bar,pray,historic,,
education,debate,ought,rough,,
build,leg,escape,royal,,
expect,glass,eliminate,wet,,
fall,adult,mix,raw,,
himself,trade,implement,inner,,
age,review,approve,advanced,,
hard,association,slip,unlikely,,
sense,measure,lack,horrible,,
across,stock,contact,working,,
show,gas,kiss,ongoing,,
early,lawyer,inspire,mexican,,
college,production,aim,smooth,,
music,management,reject,apparent,,
appear,victim,inform,brilliant,,
mind,cancer,cast,aggressive,,
class,speech,rest,wealthy,,
police,trial,account,curious,,
use,item,elect,elementary,,
effect,weight,smell,given,,
season,citizen,hand,substantial,,
tax,trip,assess,biological,,
heart,executive,suspect,developing,,
son,politics,land,awful,,
art,customer,employ,confident,,
possible,manager,click,strategic,,
serve,conference,quote,marine,,
break,base,enable,armed,,
although,direction,oppose,ugly,,
end,sunday,decline,palestinian,,
market,past,attract,fiscal,,
even,majority,separate,flat,,
air,peace,breathe,wise,,
force,dinner,quit,organic,,
require,partner,drag,diverse,,
foot,user,display,intellectual,,
up,bag,succeed,tight,,
listen,owner,divide,absolute,,
agree,voter,date,external,,
according,tool,disagree,surprising,,
anyone,june,regard,mobile,,
baby,may,wrap,worried,,
wrong,mountain,rush,random,,
love,range,slow,asleep,,
cut,coach,compete,extraordinary,,
decide,fear,rule,near,,
republican,friday,benefit,conventional,,
full,attorney,recover,nearby,,
behind,expert,suck,comprehensive,,
pass,structure,wash,stable,,
interest,budget,pour,efficient,,
sometimes,insurance,acquire,welcome,,
security,text,stretch,ideal,,
eat,freedom,analyze,loose,,
report,reader,dig,drunk,,
control,style,pretend,missing,,
rate,march,lower,silly,,
local,machine,evaluate,remote,,
suggest,november,reply,remarkable,,
report,generation,pack,everyday,,
nation,income,tear,naked,,
sell,sea,range,sufficient,,
action,mouth,pop,vital,,
support,web,block,impressive,,
wife,threat,install,fantastic,,
decision,solution,host,mere,,
receive,scientist,stir,radical,,
value,investigation,emphasize,scary,,
base,senator,load,attractive,,
pick,unit,accomplish,content,,
phone,photograph,consist,round,,
thanks,july,interview,chemical,,
event,television,bury,vulnerable,,
drive,radio,coach,square,,
strong,senate,adjust,literary,,
reach,violence,assist,magic,,
remain,feature,permit,legitimate,,
explain,audience,shout,slight,,
site,evening,dream,desperate,,
hit,hall,transfer,distant,,
pull,task,swear,italian,,
church,score,waste,detailed,,
model,skin,relax,orange,,
perhaps,spring,owe,running,,
relationship,safety,transform,extensive,,
six,weekend,abandon,fit,,
fine,while,smoke,canadian,,
movie,title,embrace,proposed,,
field,heat,trade,romantic,,
raise,hope,target,latin,,
less,yard,switch,decent,,
player,finger,perceive,assistant,,
couple,mission,track,terrorist,,
million,participant,respect,wooden,,
themselves,hotel,pose,dumb,,
record,judge,retire,painful,,
especially,pattern,secure,loud,,
difference,break,attach,temporary,,
light,institution,yell,steady,,
development,faith,doubt,sudden,,
federal,folk,preserve,relative,,
former,surface,submit,cognitive,,
role,fall,monitor,grateful,,
pretty,client,resolve,tremendous,,
myself,edge,rid,prominent,,
view,council,bind,weekly,,
price,device,impose,fake,,
effort,firm,communicate,olympic,,
nice,responsibility,vary,patient,,
quite,chair,light,dependent,,
along,internet,imply,irish,,
voice,october,bend,subsequent,,
finally,investment,exercise,controversial,,
department,ship,ring,mainstream,,
either,content,enhance,distinct,,
toward,consumer,slide,intelligent,,
leader,element,justify,secondary,,
because,spirit,graduate,acceptable,,
photo,track,honor,mutual,,
wear,run,urge,meaningful,,
space,wind,toss,communist,,
project,lack,criticize,superior,,
return,journal,assign,collective,,
position,ice,illustrate,rapid,,
special,collection,weigh,plain,,
million,soldier,arrange,moderate,,
film,governor,process,operating,,
need,fish,arise,net,,
major,shoulder,kid,downtown,,
type,saturday,forgive,homeless,,
town,editor,restore,uncomfortable,,
article,claim,print,pale,,
road,agreement,dominate,considerable,,
form,researcher,detect,experimental,,
chance,concept,construct,elderly,,
drug,band,apologize,virtual,,
economic,restaurant,whisper,minimum,,
situation,league,evolve,progressive,,
choose,capital,schedule,athletic,,
practice,april,advance,legislative,,
cause,magazine,swing,retail,,
happy,status,wipe,monthly,,
science,hill,line,deadly,,
join,kitchen,resist,reliable,,
teach,screen,request,changing,,
early,mistake,shape,nonprofit,,
develop,battle,guarantee,dominant,,
share,spot,race,sacred,,
yourself,corner,confront,korean,,
carry,target,occupy,sexy,,
clear,driver,proceed,widespread,,
brother,beginning,violate,administrative,,
matter,religion,snap,pleased,,
dead,crisis,advise,maximum,,
image,museum,access,disappointed,,
star,communication,fund,valid,,
cost,murder,react,eager,,
simply,object,supply,frequent,,
post,blog,photograph,concrete,,
society,return,translate,institutional,,
picture,belief,spin,roman,,
piece,block,interpret,sophisticated,,
paper,debt,plant,ethical,,
energy,labor,dismiss,written,,
personal,understanding,incorporate,chronic,,
building,neighborhood,split,continued,,
military,contract,chase,exclusive,,
open,middle,sigh,associated,,
doctor,species,assure,unlike,,
activity,sample,taste,fascinating,,
exactly,path,free,driving,,
american,apple,update,dynamic,,
media,god,possess,precious,,
miss,library,calculate,unexpected,,
evidence,prison,hurry,agricultural,,
product,hole,bite,adequate,,
realize,attempt,glance,brave,,
save,code,found,harsh,,
arm,sales,consume,modest,,
technology,gift,overcome,shared,,
catch,increase,dare,overwhelming,,
comment,garden,encounter,hispanic,,
look,lake,wind,divine,,
term,turn,highlight,gentle,,
color,plane,freeze,lonely,,
cover,vehicle,negotiate,statistical,,
describe,application,murder,longtime,,
guess,thousand,retain,firm,,
choice,coffee,testify,subtle,,
source,file,qualify,civilian,,
mom,reform,concentrate,strict,,
soon,gold,screw,genuine,,
director,planet,accompany,inevitable,,
international,location,house,productive,,
rule,bird,store,principal,,
campaign,principle,surprise,endless,,
ground,search,witness,behavioral,,
election,possibility,register,boring,,
face,sky,tap,closed,,
uh,horse,favor,peaceful,,
check,advantage,market,upset,,
page,basis,convert,rational,,
fight,context,impress,bitter,,
itself,christmas,adapt,affordable,,
test,strength,alter,artistic,,
patient,move,beg,talented,,
produce,monday,damage,bare,,
certain,mean,borrow,invisible,,
whatever,beach,double,regulatory,,
half,survey,educate,accessible,,
video,writing,risk,bold,,
support,master,scare,greek,,
throw,scale,wave,functional,,
third,resident,sink,estimated,,
care,football,ruin,alleged,,
rest,failure,balance,republican,,
recent,reporter,swim,nasty,,
available,fight,distribute,evident,,
step,one,flow,prior,,
ready,vision,sweep,eligible,,
opportunity,function,practice,bloody,,
official,human,bake,occasional,,
oil,will,yield,sustainable,,
call,connection,correct,handsome,,
organization,camp,upset,gross,,
character,stone,defeat,classical,,
single,hundred,spot,structural,,
current,key,guide,logical,,
likely,truck,appeal,generous,,
county,afternoon,ban,judicial,,
future,secretary,constitute,insane,,
dad,conflict,bless,realistic,,
whose,learning,crash,african-american,,
less,share,sue,theoretical,,
shoot,newspaper,differ,technological,,
industry,foundation,flee,conscious,,
second,variety,pause,known,,
list,perspective,rub,teenage,,
general,document,confuse,oral,,
stuff,presence,characterize,convinced,,
figure,lesson,decrease,continuous,,
attention,crowd,stress,above,,
forget,apartment,cancel,pleasant,,
risk,guest,derive,immune,,
no,soul,sustain,identical,,
focus,protection,calm,outstanding,,
short,intelligence,satisfy,mysterious,,
fire,border,withdraw,delicious,,
dog,reading,appoint,profound,,
red,leadership,suit,secure,,
hair,chief,squeeze,outer,,
point,attitude,fade,upcoming,,
condition,start,document,precise,,
wall,website,crack,medium,,
daughter,distance,shine,purple,,
before,climate,cheat,electrical,,
deal,relation,rip,retired,,
author,flight,rank,artificial,,
truth,boat,regulate,indigenous,,
upon,aspect,strengthen,hidden,,
husband,january,entitle,toxic,,
period,volume,research,underlying,,
series,theater,tire,pro,,
order,speed,trace,colonial,,
officer,identity,explode,iranian,,
close,demand,cool,gifted,,
land,guard,exceed,outdoor,,
note,tuesday,render,burning,,
computer,facility,shop,automatic,,
thought,farm,tip,mechanical,,
economy,fun,float,promising,,
goal,august,invent,fixed,,
bank,link,edit,representative,,
behavior,shoe,prompt,extended,,
sound,institute,function,mild,,
deal,living,assert,frozen,,
certainly,quarter,dump,expected,,
nearly,forest,execute,terrific,,
increase,poll,trap,awkward,,
act,background,wander,suburban,,
north,winter,concern,casual,,
well,focus,warm,clever,,
blood,shop,admire,revolutionary,,
culture,division,exclude,full-time,,
medical,advice,behave,diplomatic,,
ok,reaction,rent,continuing,,
everybody,injury,motivate,electoral,,
top,it,attribute,hurt,,
difficult,ticket,collapse,olive,,
close,grade,delay,abstract,,
language,birth,facilitate,coming,,
window,painting,undergo,improved,,
response,outcome,donate,innovative,,
population,enemy,park,demographic,,
lie,damage,enforce,unfair,,
tree,being,recruit,tragic,,
park,storm,integrate,faster,,
worker,shape,rate,gorgeous,,
draw,bowl,pitch,residential,,
plan,commission,label,passing,,
drop,captain,mount,instructional,,
push,ear,absorb,neutral,,
earth,troop,anticipate,combined,,
cause,wood,dedicate,beloved,,
per,lead,sense,alien,,
private,minister,exhibit,required,,
tonight,neighbor,interrupt,racist,,
race,software,resign,anxious,,
than,finding,portray,awake,,
letter,lord,hunt,level,,
other,drive,distinguish,tribal,,
gun,temperature,melt,protective,,
simple,cut,dry,minimal,,
course,influence,trigger,supportive,,
wonder,procedure,seize,sole,,
involve,respect,abuse,monetary,,
hell,wave,mess,shy,,
poor,tradition,punish,influential,,
each,actor,depict,verbal,,
answer,cat,flip,unfortunate,,
nature,bus,overlook,emerging,,
administration,clothes,resemble,worthy,,
common,affair,skip,added,,
no,contact,brush,delicate,,
hard,category,rescue,hostile,,
message,topic,praise,useless,,
song,victory,reinforce,suspicious,,
enjoy,map,reverse,rolling,,
similar,egg,injure,cruel,,
congress,general,copy,secular,,
attack,expression,desire,tender,,
past,session,interact,inappropriate,,
hot,competition,stuff,challenging,,
seek,technique,plead,coastal,,
amount,average,diagnose,partial,,
analysis,wine,swallow,flexible,,
store,youth,initiate,experienced,,
defense,weather,restrict,mixed,,
bill,medicine,advocate,optimistic,,
like,novel,shrug,shallow,,
cell,thursday,ship,encouraging,,
away,exchange,rape,dying,,
performance,bay,tackle,loving,,
hospital,conclusion,compose,unprecedented,,
bed,progress,lend,sheer,,
board,surprise,project,lazy,,
protect,assessment,govern,intimate,,
century,smile,ease,unclear,,
summer,cash,devote,compelling,,
material,pound,speed,passionate,,
individual,pair,top,ideological,,
recently,loan,endure,ignorant,,
example,village,cope,eternal,,
represent,half,spill,spectacular,,
fill,suit,protest,civic,,
state,meaning,please,tropical,,
place,supply,march,corrupt,,
animal,honey,tune,short-term,,
fail,bone,slam,magical,,
factor,consequence,convict,loyal,,
natural,regulation,boost,brutal,,
sir,award,persuade,dutch,,
agency,bottom,undermine,parental,,
usually,classroom,harm,disabled,,
significant,reference,omit,comic,,
help,lunch,volunteer,steep,,
ability,ad,hook,fancy,,
mile,desire,suspend,developmental,,
statement,instruction,consult,syrian,,
entire,emergency,utilize,instant,,
democrat,thinking,guard,elegant,,
floor,tour,download,objective,,
serious,moon,damn,goddamn,,
career,address,award,philosophical,,
dollar,december,finance,vocal,,
vote,chicken,echo,ambitious,,
sex,fuel,program,unbelievable,,
compare,abuse,endorse,jealous,,
south,construction,flash,excessive,,
forward,wednesday,frame,countless,,
subject,intervention,administer,interior,,
financial,visit,distract,faithful,,
identify,coast,value,depressed,,
beautiful,cover,confess,embarrassed,,
decade,cop,picture,disturbing,,
bit,baseball,rock,explicit,,
reduce,email,prohibit,novel,,
sister,accident,average,viable,,
quality,front,heal,reluctant,,
quickly,duty,cheer,stiff,,
act,revenue,twist,consecutive,,
press,trend,rebuild,associate,,
worry,ring,age,risky,,
accept,breath,convey,blank,,
enter,inch,debate,beneficial,,
mention,neck,fold,rude,,
sound,core,await,perceived,,
thus,billion,greet,surrounding,,
plant,miss,assemble,ashamed,,
movement,drink,modify,stunning,,
scene,literature,signal,sunny,,
section,mayor,sponsor,bizarre,,
treatment,importance,crawl,,,
wish,danger,condemn,,,
benefit,knee,spell,,,
interesting,ass,reserve,,,
west,traffic,retrieve,,,
candidate,train,bounce,,,
approach,plate,punch,,,
determine,equipment,burst,,,
resource,studio,command,,,
claim,secret,sneak,,,
answer,engine,scan,,,
prove,luck,seal,,,
sort,panel,credit,,,
enough,hero,regret,,,
size,circle,specify,,,
somebody,critic,stumble,,,
knowledge,episode,strip,,,
rather,check,manipulate,,,
hang,requirement,sacrifice,,,
sport,politician,hug,,,
tv,rain,isolate,,,
loss,colleague,enroll,,,
argue,beer,unite,,,
left,exercise,joke,,,
note,democracy,peer,,,
meeting,setting,fool,,,
skill,honor,slap,,,
card,works,deploy,,,
feeling,theme,star,,,
despite,male,crush,,,
degree,pool,deem,,,
crime,pocket,drain,,,
that,sugar,drift,,,
sign,teaching,bleed,,,
occur,chairman,shock,,,
imagine,error,disclose,,,
vote,bridge,chuckle,,,
near,flower,pump,,,
king,universe,repair,,,
box,limit,relieve,,,
present,coverage,root,,,
figure,crew,tuck,,,
seven,balance,minimize,,,
foreign,lip,leap,,,
laugh,zone,draft,,,
disease,wedding,oversee,,,
lady,copy,rob,,,
beyond,joke,shove,,,
discuss,meal,resume,,,
finish,minority,compromise,,,
design,sight,sort,,,
concern,sleep,insert,,,
ball,dress,contend,,,
east,release,accommodate,,,
recognize,profit,comprise,,,
apply,gender,cooperate,,,
prepare,tape,hesitate,,,
network,ocean,offend,,,
huge,host,exploit,,,
success,circumstance,compel,,,
district,boss,undertake,,,
cup,tea,freak,,,
name,manner,cease,,,
physical,percentage,vanish,,,
growth,cloud,model,,,
rise,winner,authorize,,,
hi,sentence,conceive,,,
standard,request,opt,,,
force,appearance,descend,,,
sign,salt,stem,,,
fan,beauty,preach,,,
theory,bottle,interfere,,,
staff,component,survey,,,
hurt,fee,position,,,
legal,dance,spare,,,
september,shirt,diminish,,,
set,tip,delete,,,
outside,plastic,clarify,,,
et,tooth,comply,,,
strategy,meat,drill,,,
clearly,stress,reward,,,
property,february,grasp,,,
lay,constitution,heat,,,
final,definition,classify,,,
authority,uncle,enact,,,
perfect,metal,scatter,,,
method,album,time,,,
region,self,slice,,,
since,investor,blend,,,
impact,fruit,object,,,
indicate,desk,tolerate,,,
safe,valley,trail,,,
committee,abortion,drown,,,
supposed,chapter,sail,,,
dream,commitment,instruct,,,
training,proposal,gasp,,,
shit,capacity,excite,,,
central,nose,flood,,,
option,variable,divorce,,,
eight,convention,spring,,,
particularly,jury,bang,,,
completely,root,carve,,,
opinion,incident,specialize,,,
main,hearing,forbid,,,
ten,payment,boil,,,
interview,bear,equip,,,
exist,surgery,betray,,,
remove,shadow,rain,,,
dark,witness,exchange,,,
play,chest,outline,,,
union,amendment,spit,,,
professor,extent,battle,,,
pressure,pleasure,cure,,,
purpose,holiday,piss,,,
stage,talent,arm,,,
blue,expectation,transport,,,
herself,ride,thrive,,,
sun,wing,unfold,,,
pain,corporation,chop,,,
artist,sector,nominate,,,
employee,fat,uncover,,,
avoid,experiment,scratch,,,
account,farmer,verify,,,
release,english,inherit,,,
fund,confidence,strive,,,
environment,bunch,aid,,,
treat,speaker,counter,,,
specific,breast,whip,,,
version,contribution,induce,,,
shot,leaf,spark,,,
hate,interaction,fan,,,
reality,hat,tax,,,
visit,doubt,peel,,,
club,promise,campaign,,,
justice,nurse,chew,,,
river,gene,invade,,,
brain,package,extract,,,
memory,difficulty,foster,,,
rock,daddy,discourage,,,
talk,era,upgrade,,,
camera,aid,leak,,,
global,notion,shrink,,,
various,explanation,chat,,,
arrive,airport,align,,,
notice,chain,persist,,,
bit,channel,,,,
detail,tear,,,,
challenge,estate,,,,
argument,offer,,,,
lot,guide,,,,
nobody,bond,,,,
weapon,birthday,,,,
best,travel,,,,
station,improvement,,,,
island,trail,,,,
absolutely,fashion,,,,
instead,length,,,,
discussion,sheet,,,,
instead,funding,,,,
affect,fault,,,,
design,motion,,,,
little,combination,,,,
anyway,description,,,,
respond,snow,,,,
control,marketing,,,,
trouble,bomb,,,,
conversation,muscle,,,,
manage,rise,,,,
close,creation,,,,
date,spending,,,,
public,instrument,,,,
army,mass,,,,
top,noise,,,,
post,e-mail,,,,
charge,cycle,,,,
seat,signal,,,,
assume,app,,,,
writer,perception,,,,
perform,visitor,,,,
credit,contrast,,,,
green,judgment,,,,
marriage,representative,,,,
operation,pass,,,,
indeed,regime,,,,
sleep,producer,,,,
necessary,route,,,,
reveal,lie,,,,
agent,analyst,,,,
access,female,,,,
bar,disability,,,,
debate,comparison,,,,
leg,rating,,,,
contain,campus,,,,
beat,branch,,,,
cool,gentleman,,,,
democratic,opposition,,,,
cold,hit,,,,
glass,athlete,,,,
improve,opening,,,,
adult,prayer,,,,
trade,basketball,,,,
religious,revolution,,,,
head,emotion,,,,
review,fuck,,,,
kind,platform,,,,
address,frame,,,,
association,appeal,,,,
measure,potential,,,,
stock,struggle,,,,
gas,brand,,,,
deep,legislation,,,,
lawyer,lab,,,,
production,row,,,,
relate,immigration,,,,
middle,asset,,,,
management,observation,,,,
original,taste,,,,
victim,household,,,,
cancer,existence,,,,
speech,mirror,,,,
particular,pilot,,,,
trial,stand,,,,
none,relief,,,,
item,milk,,,,
weight,warning,,,,
tomorrow,heaven,,,,
step,flow,,,,
positive,calorie,,,,
form,seed,,,,
citizen,bike,,,,
study,employer,,,,
trip,disaster,,,,
establish,sale,,,,
executive,bathroom,,,,
politics,agenda,,,,
stick,enforcement,,,,
customer,diet,,,,
manager,mark,,,,
rather,silence,,,,
publish,journalist,,,,
popular,bible,,,,
sing,queen,,,,
ahead,expense,,,,
conference,cream,,,,
total,exposure,,,,
discover,priority,,,,
fast,soil,,,,
base,angel,,,,
direction,journey,,,,
sunday,trust,,,,
maintain,tank,,,,
past,cheese,,,,
majority,schedule,,,,
peace,bedroom,,,,
dinner,tone,,,,
partner,selection,,,,
user,wheel,,,,
above,gap,,,,
fly,veteran,,,,
bag,characteristic,,,,
therefore,protein,,,,
rich,resolution,,,,
individual,whole,,,,
tough,engineer,,,,
owner,walk,,,,
shall,dish,,,,
inside,waste,,,,
voter,print,,,,
tool,depression,,,,
june,dude,,,,
far,present,,,,
may,ceo,,,,
mountain,initiative,,,,
range,gate,,,,
coach,entry,,,,
fear,assistance,,,,
friday,height,,,,
attorney,phase,,,,
unless,conservative,,,,
nor,criticism,,,,
expert,faculty,,,,
structure,achievement,,,,
budget,alcohol,,,,
insurance,therapy,,,,
text,offense,,,,
freedom,touch,,,,
crazy,killer,,,,
reader,personality,,,,
style,landscape,,,,
through,transition,,,,
march,column,,,,
machine,button,,,,
november,opponent,,,,
generation,immigrant,,,,
income,distribution,,,,
born,golf,,,,
admit,alternative,,,,
hello,favorite,,,,
onto,stop,,,,
sea,portion,,,,
okay,suicide,,,,
mouth,deficit,,,,
throughout,symptom,,,,
own,complaint,,,,
test,supporter,,,,
web,philosophy,,,,
shake,childhood,,,,
threat,well,,,,
solution,dark,,,,
shut,wealth,,,,
down,welfare,,,,
travel,poverty,,,,
scientist,prosecutor,,,,
hide,shift,,,,
obviously,buck,,,,
refer,display,,,,
alone,knife,,,,
drink,round,,,,
investigation,tech,,,,
senator,detective,,,,
unit,disorder,,,,
photograph,creature,,,,
july,housing,,,,
television,watch,,,,
key,chip,,,,
sexual,tie,,,,
radio,command,,,,
prevent,shooting,,,,
once,layer,,,,
modern,bread,,,,
senate,exception,,,,
violence,passion,,,,
touch,highway,,,,
feature,commander,,,,
audience,publication,,,,
evening,win,,,,
whom,mystery,,,,
front,championship,,,,
hall,tale,,,,
task,liberty,,,,
score,passenger,,,,
skin,physician,,,,
suffer,graduate,,,,
wide,substance,,,,
spring,atmosphere,,,,
experience,passage,,,,
civil,pepper,,,,
safety,cable,,,,
weekend,square,,,,
while,recipe,,,,
worth,roof,,,,
title,vegetable,,,,
heat,habit,,,,
normal,discovery,,,,
hope,total,,,,
yard,recovery,,,,
finger,dna,,,,
tend,gain,,,,
mission,territory,,,,
eventually,girlfriend,,,,
participant,proof,,,,
hotel,parking,,,,
judge,sin,,,,
pattern,rice,,,,
break,engineering,,,,
institution,advance,,,,
faith,cake,,,,
professional,flag,,,,
reflect,good,,,,
folk,jail,,,,
surface,match,,,,
fall,interpretation,,,,
client,wage,,,,
edge,breakfast,,,,
traditional,profile,,,,
council,saving,,,,
device,reduction,,,,
firm,bitch,,,,
environmental,entertainment,,,,
responsibility,academy,,,,
chair,teaspoon,,,,
internet,ally,,,,
october,count,,,,
by,avenue,,,,
funny,priest,,,,
immediately,employment,,,,
investment,grass,,,,
ship,scholar,,,,
effective,edition,,,,
previous,infection,,,,
content,suggestion,,,,
consumer,resistance,,,,
element,prince,,,,
nuclear,illness,,,,
spirit,republic,,,,
directly,volunteer,,,,
afraid,evaluation,,,,
define,mine,,,,
handle,black,,,,
track,iron,,,,
run,phrase,,,,
wind,assumption,,,,
lack,sand,,,,
cost,designer,,,,
announce,planning,,,,
journal,mode,,,,
heavy,occasion,,,,
ice,festival,,,,
collection,cap,,,,
feed,mechanism,,,,
soldier,intention,,,,
just,scenario,,,,
governor,transportation,,,,
fish,pot,,,,
shoulder,boyfriend,,,,
cultural,consideration,,,,
successful,retirement,,,,
fair,cigarette,,,,
trust,factory,,,,
suddenly,clip,,,,
future,giant,,,,
interested,slave,,,,
deliver,christian,,,,
saturday,wonder,,,,
editor,participation,,,,
fresh,stream,,,,
anybody,origin,,,,
destroy,teen,,,,
claim,coat,,,,
critical,tower,,,,
agreement,license,,,,
powerful,twitter,,,,
researcher,curriculum,,,,
concept,mail,,,,
willing,estimate,,,,
band,insight,,,,
marry,investigator,,,,
promise,virus,,,,
easily,hurricane,,,,
restaurant,provision,,,,
league,strike,,,,
senior,cross,,,,
capital,jacket,,,,
anymore,green,,,,
april,pay,,,,
potential,implication,,,,
etc,fiction,,,,
quick,protest,,,,
magazine,mama,,,,
status,twin,,,,
attend,pant,,,,
replace,shock,,,,
due,criteria,,,,
hill,toy,,,,
kitchen,assault,,,,
achieve,peak,,,,
screen,anger,,,,
generally,boot,,,,
mistake,peer,,,,
along,math,,,,
strike,favor,,,,
battle,dust,,,,
spot,aunt,,,,
basic,prospect,,,,
very,mood,,,,
corner,settlement,,,,
target,depth,,,,
driver,juice,,,,
beginning,gallery,,,,
religion,tension,,,,
crisis,throat,,,,
count,draft,,,,
museum,reputation,,,,
engage,index,,,,
communication,mess,,,,
murder,joy,,,,
blow,steel,,,,
object,motor,,,,
express,enterprise,,,,
huh,salary,,,,
encourage,cousin,,,,
matter,dozen,,,,
blog,evolution,,,,
smile,fishing,,,,
return,anxiety,,,,
belief,professional,,,,
block,carbon,,,,
debt,essay,,,,
fire,drama,,,,
labor,stranger,,,,
understanding,belt,,,,
neighborhood,formula,,,,
contract,potato,,,,
middle,monster,,,,
species,smoke,,,,
additional,telephone,,,,
sample,rape,,,,
involved,palm,,,,
inside,jet,,,,
mostly,navy,,,,
path,plot,,,,
concerned,angle,,,,
apple,prisoner,,,,
conduct,discipline,,,,
god,negotiation,,,,
wonderful,butter,,,,
library,desert,,,,
prison,prize,,,,
hole,bullet,,,,
attempt,awareness,,,,
complete,sequence,,,,
code,drop,,,,
sales,pack,,,,
gift,provider,,,,
refuse,activist,,,,
increase,poem,,,,
garden,vacation,,,,
introduce,gang,,,,
roll,privacy,,,,
christian,clock,,,,
definitely,penalty,,,,
like,stomach,,,,
lake,concert,,,,
turn,statistics,,,,
sure,bureau,,,,
earn,wolf,,,,
plane,recommendation,,,,
vehicle,maker,,,,
examine,impression,,,,
application,battery,,,,
thousand,narrative,,,,
coffee,sake,,,,
gain,delivery,,,,
result,rep,,,,
file,diversity,,,,
billion,string,,,,
reform,lawsuit,,,,
ignore,deputy,,,,
welcome,buddy,,,,
gold,evil,,,,
jump,lane,,,,
planet,bean,,,,
location,sauce,,,,
bird,testing,,,,
amazing,trick,,,,
principle,fantasy,,,,
promote,absence,,,,
search,symbol,,,,
nine,recognition,,,,
alive,tablespoon,,,,
possibility,arrest,,,,
sky,approval,,,,
otherwise,aids,,,,
remind,independence,,,,
healthy,rose,,,,
fit,ghost,,,,
horse,involvement,,,,
advantage,wire,,,,
commercial,mouse,,,,
steal,airline,,,,
basis,founder,,,,
context,objective,,,,
highly,phenomenon,,,,
christmas,silver,,,,
strength,cent,,,,
move,teenager,,,,
monday,viewer,,,,
mean,chocolate,,,,
alone,grandmother,,,,
beach,missile,,,,
survey,adventure,,,,
writing,manufacturer,,,,
master,crop,,,,
cry,survival,,,,
scale,dimension,,,,
resident,roll,,,,
football,darkness,,,,
sweet,educator,,,,
failure,personnel,,,,
reporter,terrorist,,,,
commit,elite,,,,
fight,emphasis,,,,
one,destruction,,,,
associate,chart,,,,
vision,pace,,,,
function,finance,,,,
truly,champion,,,,
sick,suspect,,,,
average,barrier,,,,
human,advocate,,,,
stupid,label,,,,
will,burden,,,,
chinese,violation,,,,
connection,idiot,,,,
camp,lifetime,,,,
stone,routine,,,,
hundred,presentation,,,,
key,gear,,,,
truck,stadium,,,,
afternoon,mortgage,,,,
responsible,sheriff,,,,
secretary,clinic,,,,
apparently,coalition,,,,
smart,mix,,,,
southern,menu,,,,
totally,advertising,,,,
western,muslim,,,,
collect,arrangement,,,,
conflict,storage,,,,
burn,framework,,,,
learning,utility,,,,
wake,cookie,,,,
contribute,terror,,,,
ride,worth,,,,
british,forum,,,,
following,alliance,,,,
order,empire,,,,
share,corn,,,,
newspaper,testimony,,,,
foundation,transfer,,,,
variety,stake,,,,
perspective,tissue,,,,
document,concentration,,,,
presence,developer,,,,
stare,ballot,,,,
lesson,chamber,,,,
limit,stick,,,,
appreciate,tiger,,,,
complete,ratio,,,,
observe,lover,,,,
currently,expansion,,,,
hundred,unemployment,,,,
fun,pet,,,,
crowd,laboratory,,,,
attack,administrator,,,,
apartment,quarterback,,,,
survive,rocket,,,,
guest,preparation,,,,
soul,relative,,,,
protection,quote,,,,
intelligence,publisher,,,,
yesterday,innovation,,,,
somewhere,nut,,,,
border,fighter,,,,
reading,rank,,,,
terms,electricity,,,,
leadership,instance,,,,
present,fortune,,,,
chief,variation,,,,
attitude,laughter,,,,
start,wisdom,,,,
um,correspondent,,,,
deny,mixture,,,,
website,assistant,,,,
seriously,tomato,,,,
actual,indian,,,,
recall,ingredient,,,,
fix,galaxy,,,,
negative,scheme,,,,
connect,gop,,,,
distance,shame,,,,
regular,contest,,,,
climate,introduction,,,,
relation,boundary,,,,
flight,tube,,,,
dangerous,chef,,,,
boat,load,,,,
aspect,tongue,,,,
grab,creek,,,,
until,hip,,,,
favorite,decline,,,,
like,terrorism,,,,
january,respondent,,,,
independent,narrator,,,,
volume,voting,,,,
am,refugee,,,,
lots,assembly,,,,
front,fraud,,,,
online,limitation,,,,
theater,partnership,,,,
speed,crash,,,,
aware,representation,,,,
identity,hold,,,,
demand,ministry,,,,
extra,excuse,,,,
charge,comedy,,,,
guard,purchase,,,,
demonstrate,infrastructure,,,,
fully,islam,,,,
tuesday,port,,,,
facility,fate,,,,
farm,dialogue,,,,
mind,plus,,,,
fun,frequency,,,,
thousand,tribe,,,,
august,appointment,,,,
hire,establishment,,,,
light,shopping,,,,
link,celebrity,,,,
shoe,congressman,,,,
institute,taxpayer,,,,
below,pride,,,,
living,clothing,,,,
european,domain,,,,
quarter,ceiling,,,,
basically,shelter,,,,
forest,obligation,,,,
multiple,shower,,,,
poll,musician,,,,
wild,dirt,,,,
measure,pc,,,,
twice,bell,,,,
cross,smell,,,,
background,ceremony,,,,
settle,clue,,,,
winter,guideline,,,,
focus,comfort,,,,
presidential,pregnancy,,,,
operate,tourist,,,,
fuck,incentive,,,,
view,custom,,,,
daily,cheek,,,,
shop,tournament,,,,
above,satellite,,,,
division,medication,,,,
slowly,script,,,,
advice,psychology,,,,
reaction,logic,,,,
injury,economics,,,,
it,update,,,,
ticket,devil,,,,
grade,beat,,,,
wow,charity,,,,
birth,fiber,,,,
painting,friendship,,,,
outcome,net,,,,
enemy,motivation,,,,
damage,reserve,,,,
being,observer,,,,
storm,humanity,,,,
shape,survivor,,,,
bowl,fence,,,,
commission,humor,,,,
captain,major,,,,
ear,funeral,,,,
troop,spokesman,,,,
female,extension,,,,
wood,historian,,,,
warm,chemical,,,,
clean,singer,,,,
lead,onion,,,,
minister,specialist,,,,
neighbor,white,,,,
tiny,pan,,,,
mental,deck,,,,
software,reflection,,,,
glad,database,,,,
finding,permission,,,,
lord,lifestyle,,,,
drive,lion,,,,
temperature,consumption,,,,
quiet,capability,,,,
spread,emission,,,,
bright,sidebar,,,,
cut,crap,,,,
influence,dealer,,,,
kick,measurement,,,,
annual,adviser,,,,
procedure,imagination,,,,
respect,tragedy,,,,
wave,consultant,,,,
tradition,lieutenant,,,,
threaten,acre,,,,
primary,drawing,,,,
strange,scandal,,,,
actor,ambassador,,,,
blame,bench,,,,
active,counter,,,,
cat,odds,,,,
depend,rat,,,,
bus,horror,,,,
clothes,prevention,,,,
affair,segment,,,,
contact,tail,,,,
category,implementation,,,,
topic,strip,,,,
victory,preference,,,,
direct,feedback,,,,
towards,health-care,,,,
map,criminal,,,,
egg,can,,,,
ensure,buyer,,,,
general,cooperation,,,,
expression,profession,,,,
past,killing,,,,
session,photographer,,,,
competition,engagement,,,,
possibly,paint,,,,
technique,pitch,,,,
mine,salad,,,,
average,stair,,,,
intend,notice,,,,
impossible,grace,,,,
moral,divorce,,,,
academic,vessel,,,,
wine,pig,,,,
approach,assignment,,,,
somehow,distinction,,,,
gather,circuit,,,,
scientific,acid,,,,
african,efficiency,,,,
cook,memorial,,,,
participate,blue,,,,
gay,entity,,,,
appropriate,iphone,,,,
youth,punishment,,,,
dress,pill,,,,
straight,myth,,,,
weather,economist,,,,
recommend,craft,,,,
medicine,poetry,,,,
novel,thread,,,,
obvious,privilege,,,,
thursday,coal,,,,
exchange,fool,,,,
explore,cow,,,,
extend,pie,,,,
bay,resort,,,,
invite,legacy,,,,
tie,scope,,,,
ah,formation,,,,
belong,grandfather,,,,
obtain,wish,,,,
broad,margin,,,,
conclusion,wound,,,,
progress,exhibition,,,,
surprise,legislature,,,,
assessment,portrait,,,,
smile,catholic,,,,
feature,uniform,,,,
cash,miracle,,,,
defend,harm,,,,
pound,tactic,,,,
correct,mask,,,,
married,inflation,,,,
pair,hunting,,,,
slightly,final,,,,
loan,flesh,,,,
village,fellow,,,,
half,nerve,,,,
suit,lung,,,,
demand,headline,,,,
historical,defendant,,,,
meaning,pole,,,,
attempt,entrance,,,,
supply,aircraft,,,,
lift,cabinet,,,,
ourselves,happiness,,,,
honey,admission,,,,
bone,correlation,,,,
consequence,proportion,,,,
unique,dispute,,,,
next,candy,,,,
regulation,reward,,,,
award,counselor,,,,
bottom,recording,,,,
excuse,pile,,,,
familiar,explosion,,,,
classroom,couch,,,,
search,furniture,,,,
reference,significance,,,,
emerge,magic,,,,
long,commissioner,,,,
lunch,shelf,,,,
judge,warrior,,,,
ad,physics,,,,
desire,garage,,,,
instruction,flavor,,,,
emergency,oven,,,,
thinking,satisfaction,,,,
tour,discrimination,,,,
french,recession,,,,
combine,allegation,,,,
moon,boom,,,,
sad,restriction,,,,
address,diamond,,,,
december,conviction,,,,
anywhere,heel,,,,
chicken,fame,,,,
fuel,swing,,,,
train,playoff,,,,
abuse,actress,,,,
construction,format,,,,
wednesday,controversy,,,,
link,auto,,,,
deserve,grant,,,,
famous,grocery,,,,
intervention,headquarters,,,,
grand,shade,,,,
visit,meter,,,,
confirm,pipe,,,,
lucky,celebration,,,,
insist,handful,,,,
coast,copyright,,,,
proud,signature,,,,
cover,bishop,,,,
fourth,soup,,,,
cop,carrier,,,,
angry,anniversary,,,,
native,pizza,,,,
supreme,ethics,,,,
baseball,legend,,,,
but,eagle,,,,
email,scholarship,,,,
accident,crack,,,,
front,membership,,,,
duty,standing,,,,
growing,possession,,,,
struggle,treaty,,,,
revenue,consciousness,,,,
expand,manufacturing,,,,
chief,announcement,,,,
launch,makeup,,,,
trend,pop,,,,
ring,prediction,,,,
repeat,stability,,,,
breath,norm,,,,
inch,genius,,,,
neck,operator,,,,
core,mall,,,,
terrible,rumor,,,,
billion,poet,,,,
relatively,tendency,,,,
complex,alien,,,,
press,maintenance,,,,
miss,courage,,,,
slow,principal,,,,
soft,vaccine,,,,
generate,identification,,,,
extremely,sandwich,,,,
last,bull,,,,
drink,lens,,,,
forever,presidency,,,,
corporate,integrity,,,,
deep,bias,,,,
prefer,hypothesis,,,,
except,nomination,,,,
cheap,delay,,,,
literature,adjustment,,,,
direct,sanction,,,,
mayor,examination,,,,
male,currency,,,,
importance,flame,,,,
record,guitar,,,,
danger,doctrine,,,,
emotional,palestinian,,,,
knee,commerce,,,,
ass,robot,,,,
capture,particle,,,,
traffic,glove,,,,
fucking,jazz,,,,
outside,infant,,,,
now,summary,,,,
train,server,,,,
plate,leather,,,,
equipment,radiation,,,,
select,composition,,,,
file,discourse,,,,
studio,wildlife,,,,
expensive,soccer,,,,
secret,complex,,,,
engine,mandate,,,,
adopt,monitor,,,,
luck,nightmare,,,,
via,barrel,,,,
pm,globe,,,,
panel,feel,,,,
hero,gesture,,,,
circle,tent,,,,
critic,receiver,,,,
solve,horizon,,,,
busy,diagnosis,,,,
episode,gospel,,,,
back,fighting,,,,
check,stroke,,,,
requirement,duck,,,,
politician,grain,,,,
rain,beast,,,,
colleague,remark,,,,
disappear,fabric,,,,
beer,civilization,,,,
predict,corruption,,,,
exercise,collapse,,,,
tired,ma'am,,,,
democracy,workshop,,,,
ultimately,inquiry,,,,
setting,cd,,,,
honor,rifle,,,,
works,closet,,,,
unfortunately,reporting,,,,
theme,curve,,,,
issue,patch,,,,
male,touchdown,,,,
clean,earnings,,,,
united,hunter,,,,
pool,fly,,,,
educational,tunnel,,,,
empty,corps,,,,
comfortable,german,,,,
investigate,weakness,,,,
useful,doc,,,,
pocket,medium,,,,
digital,virtue,,,,
plenty,ounce,,,,
entirely,confusion,,,,
fear,midnight,,,,
afford,deer,,,,
sugar,heritage,,,,
teaching,summit,,,,
conservative,sword,,,,
chairman,telescope,,,,
error,blade,,,,
bridge,toe,,,,
tall,agriculture,,,,
specifically,dose,,,,
flower,prescription,,,,
though,adoption,,,,
universe,grave,,,,
live,rope,,,,
acknowledge,transaction,,,,
limit,lawn,,,,
coverage,bubble,,,,
crew,princess,,,,
locate,log,,,,
balance,blanket,,,,
equal,laugh,,,,
lip,kingdom,,,,
lean,bug,,,,
zone,primary,,,,
wedding,nominee,,,,
copy,transformation,,,,
score,temple,,,,
joke,arrival,,,,
used,frustration,,,,
clear,demonstration,,,,
bear,pollution,,,,
meal,poster,,,,
review,nail,,,,
minority,cry,,,,
sight,guidance,,,,
sleep,pen,,,,
russian,lemon,,,,
dress,bankruptcy,,,,
release,invasion,,,,
soviet,replacement,,,,
profit,consensus,,,,
challenge,kiss,,,,
careful,french,,,,
gender,hardware,,,,
tape,rail,,,,
ocean,cold,,,,
unidentified,mate,,,,
host,cabin,,,,
grant,dining,,,,
circumstance,liberal,,,,
late,snake,,,,
boss,tobacco,,,,
declare,orientation,,,,
domestic,input,,,,
tea,competitor,,,,
organize,freshman,,,,
english,donation,,,,
neither,donor,,,,
either,toilet,,,,
official,ideology,,,,
surround,glory,,,,
manner,organ,,,,
surprised,starting,,,,
percentage,brick,,,,
massive,gut,,,,
cloud,reservation,,,,
winner,rebel,,,,
honest,oak,,,,
standard,instructor,,,,
propose,racism,,,,
rely,pension,,,,
plus,diabetes,,,,
sentence,cluster,,,,
request,marijuana,,,,
appearance,combat,,,,
regarding,costume,,,,
excellent,inspiration,,,,
criminal,orange,,,,
salt,cooking,,,,
beauty,conspiracy,,,,
bottle,trait,,,,
component,van,,,,
under,garlic,,,,
fee,drinking,,,,
jewish,crystal,,,,
yours,stretch,,,,
dry,pro,,,,
dance,associate,,,,
shirt,helicopter,,,,
tip,counsel,,,,
plastic,equation,,,,
indian,timing,,,,
mark,pope,,,,
tooth,opera,,,,
meat,mount,,,,
stress,indication,,,,
illegal,motive,,,,
significantly,porch,,,,
february,gaze,,,,
constitution,lap,,,,
definition,starter,,,,
uncle,colonel,,,,
metal,beef,,,,
album,thanksgiving,,,,
self,intensity,,,,
suppose,cave,,,,
investor,basement,,,,
fruit,illustration,,,,
holy,essence,,,,
desk,container,,,,
eastern,gym,,,,
valley,bat,,,,
largely,promotion,,,,
abortion,uncertainty,,,,
chapter,ownership,,,,
commitment,tag,,,,
celebrate,documentary,,,,
arrest,stem,,,,
dance,flood,,,,
prime,guilt,,,,
urban,inside,,,,
internal,alarm,,,,
bother,turkey,,,,
proposal,conduct,,,,
shift,fitness,,,,
capacity,gulf,,,,
guilty,mommy,,,,
warn,sacrifice,,,,
influence,spectrum,,,,
weak,dragon,,,,
except,bacteria,,,,
catholic,shore,,,,
nose,pastor,,,,
variable,cliff,,,,
convention,addition,,,,
jury,occupation,,,,
root,slice,,,,
incident,military,,,,
climb,stimulus,,,,
hearing,patent,,,,
everywhere,powder,,,,
payment,chaos,,,,
bear,kit,,,,
conclude,piano,,,,
scream,psychologist,,,,
surgery,servant,,,,
shadow,elevator,,,,
witness,transmission,,,,
increasingly,butt,,,,
chest,cowboy,,,,
amendment,intent,,,,
paint,counseling,,,,
secret,rhythm,,,,
complain,complexity,,,,
extent,effectiveness,,,,
pleasure,strain,,,,
nod,garbage,,,,
holiday,venture,,,,
super,lock,,,,
talent,aide,,,,
necessarily,rod,,,,
liberal,t-shirt,,,,
expectation,civilian,,,,
ride,basket,,,,
accuse,loser,,,,
knock,franchise,,,,
previously,saint,,,,
wing,aim,,,,
corporation,prosecution,,,,
sector,bite,,,,
fat,lyrics,,,,
experiment,compound,,,,
match,architecture,,,,
thin,reach,,,,
farmer,destination,,,,
rare,province,,,,
english,sum,,,,
confidence,lecture,,,,
bunch,trading,,,,
bet,acceptance,,,,
cite,revelation,,,,
northern,indicator,,,,
speaker,collaboration,,,,
breast,rhetoric,,,,
contribution,monkey,,,,
leaf,protocol,,,,
creative,finish,,,,
interaction,jeans,,,,
hat,companion,,,,
doubt,recipient,,,,
promise,array,,,,
pursue,ranch,,,,
overall,scout,,,,
nurse,medal,,,,
question,translation,,,,
long-term,ski,,,,
gene,conservation,,,,
package,habitat,,,,
weird,contractor,,,,
difficulty,trailer,,,,
hardly,pitcher,,,,
daddy,towel,,,,
estimate,bonus,,,,
list,genre,,,,
era,caller,,,,
comment,exit,,,,
aid,hook,,,,
vs,pit,,,,
invest,cholesterol,,,,
personally,advertisement,,,,
notion,bombing,,,,
explanation,encounter,,,,
airport,expertise,,,,
chain,creator,,,,
expose,tablet,,,,
lock,blow,,,,
convince,ruling,,,,
channel,launch,,,,
carefully,warming,,,,
tear,equity,,,,
estate,classic,,,,
initial,pine,,,,
offer,surgeon,,,,
purchase,tennis,,,,
guide,suffering,,,,
forth,accuracy,,,,
his,literacy,,,,
bond,treasury,,,,
birthday,crown,,,,
travel,sergeant,,,,
pray,thumb,,,,
improvement,colony,,,,
ancient,walking,,,,
ought,integration,,,,
escape,spouse,,,,
trail,excitement,,,,
brown,residence,,,,
fashion,adolescent,,,,
length,doll,,,,
sheet,oxygen,,,,
funding,gravity,,,,
meanwhile,palace,,,,
fault,cotton,,,,
barely,rescue,,,,
eliminate,lawmaker,,,,
motion,determination,,,,
essential,dynamics,,,,
apart,shell,,,,
combination,hint,,,,
limited,rush,,,,
description,christianity,,,,
mix,ban,,,,
snow,statute,,,,
implement,biology,,,,
pretty,follower,,,,
proper,trap,,,,
part,consent,,,,
marketing,pump,,,,
approve,down,,,,
other,hate,,,,
bomb,trunk,,,,
slip,belly,,,,
regional,banking,,,,
lack,asshole,,,,
muscle,journalism,,,,
contact,flash,,,,
rise,obstacle,,,,
FALSE,ridge,,,,
likely,bastard,,,,
creation,apology,,,,
typically,tumor,,,,
spending,architect,,,,
instrument,wrist,,,,
mass,harbor,,,,
far,bullshit,,,,
thick,realm,,,,
kiss,bet,,,,
increased,inspector,,,,
inspire,surveillance,,,,
separate,trauma,,,,
noise,romance,,,,
yellow,deadline,,,,
aim,compensation,,,,
e-mail,insect,,,,
cycle,output,,,,
signal,parliament,,,,
app,suite,,,,
golden,separation,,,,
reject,demon,,,,
inform,eating,,,,
perception,equality,,,,
visitor,probability,,,,
cast,acquisition,,,,
contrast,custody,,,,
judgment,compromise,,,,
mean,trash,,,,
rest,earthquake,,,,
representative,wake,,,,
pass,necessity,,,,
regime,horn,,,,
merely,parameter,,,,
producer,grip,,,,
whoa,mathematics,,,,
route,hallway,,,,
lie,liability,,,,
typical,fluid,,,,
analyst,homeland,,,,
account,exam,,,,
elect,anchor,,,,
smell,vitamin,,,,
female,hostage,,,,
living,mill,,,,
disability,processing,,,,
comparison,sentiment,,,,
hand,offering,,,,
rating,photography,,,,
campus,coin,,,,
assess,laptop,,,,
solid,goodness,,,,
branch,affiliation,,,,
mad,bee,,,,
somewhat,blessing,,,,
gentleman,landing,,,,
opposition,repair,,,,
fast,worry,,,,
suspect,ritual,,,,
land,bath,,,,
hit,mud,,,,
aside,reminder,,,,
athlete,slavery,,,,
opening,supervisor,,,,
prayer,quantity,,,,
frequently,olympics,,,,
employ,slope,,,,
basketball,skirt,,,,
existing,outlet,,,,
revolution,curtain,,,,
click,declaration,,,,
emotion,switch,,,,
fuck,calendar,,,,
platform,paragraph,,,,
behind,quest,,,,
frame,flat,,,,
appeal,entrepreneur,,,,
quote,clay,,,,
potential,noon,,,,
struggle,elbow,,,,
brand,unity,,,,
enable,rent,,,,
legislation,airplane,,,,
addition,portfolio,,,,
lab,northwest,,,,
oppose,sweat,,,,
row,treasure,,,,
immigration,flour,,,,
asset,rally,,,,
observation,default,,,,
online,plain,,,,
taste,exploration,,,,
decline,limb,,,,
attract,charter,,,,
ha,southwest,,,,
for,escape,,,,
household,arena,,,,
separate,witch,,,,
breathe,courtesy,,,,
existence,statue,,,,
mirror,fist,,,,
pilot,castle,,,,
stand,squad,,,,
relief,cruise,,,,
milk,embassy,,,,
warning,patience,,,,
heaven,bush,,,,
flow,outfit,,,,
literally,cage,,,,
quit,shark,,,,
calorie,lobby,,,,
seed,sidewalk,,,,
vast,runner,,,,
bike,ankle,,,,
german,attraction,,,,
employer,mercy,,,,
drag,tune,,,,
technical,dancer,,,,
disaster,candle,,,,
display,needle,,,,
sale,chronicle,,,,
bathroom,suburb,,,,
succeed,sensor,,,,
consistent,debut,,,,
agenda,magnitude,,,,
enforcement,suspicion,,,,
diet,icon,,,,
mark,grandma,,,,
silence,info,,,,
journalist,jurisdiction,,,,
bible,senior,,,,
queen,parade,,,,
divide,seal,,,,
expense,archive,,,,
cream,rage,,,,
exposure,ending,,,,
priority,loop,,,,
soil,chase,,,,
angel,reception,,,,
journey,local,,,,
trust,premise,,,,
relevant,whale,,,,
tank,credibility,,,,
cheese,loyalty,,,,
schedule,tide,,,,
bedroom,traveler,,,,
tone,grief,,,,
selection,metaphor,,,,
date,skull,,,,
perfectly,pursuit,,,,
wheel,therapist,,,,
gap,backup,,,,
veteran,workplace,,,,
below,instinct,,,,
disagree,export,,,,
characteristic,broadcast,,,,
protein,execution,,,,
resolution,pal,,,,
whole,density,,,,
regard,correction,,,,
fewer,jump,,,,
engineer,teammate,,,,
walk,brush,,,,
dish,corridor,,,,
waste,russian,,,,
print,enthusiasm,,,,
depression,panic,,,,
dude,pad,,,,
fat,bid,,,,
present,productivity,,,,
upper,guess,,,,
wrap,defeat,,,,
ceo,railroad,,,,
visual,inspection,,,,
initiative,cab,,,,
rush,nonsense,,,,
gate,rider,,,,
slow,theology,,,,
whenever,accent,,,,
entry,invitation,,,,
japanese,reply,,,,
gray,israeli,,,,
assistance,liar,,,,
height,registration,,,,
compete,handle,,,,
rule,momentum,,,,
due,clerk,,,,
essentially,chin,,,,
benefit,hockey,,,,
phase,laser,,,,
conservative,proposition,,,,
recover,beam,,,,
criticism,ancestor,,,,
faculty,creativity,,,,
achievement,verse,,,,
alcohol,objection,,,,
therapy,carbohydrate,,,,
offense,steam,,,,
touch,glance,,,,
killer,forehead,,,,
personality,slide,,,,
landscape,sheep,,,,
deeply,carpet,,,,
reasonable,cloth,,,,
soon,interior,,,,
suck,running,,,,
transition,questionnaire,,,,
fairly,departure,,,,
column,graph,,,,
wash,thief,,,,
button,herb,,,,
opponent,subsidy,,,,
pour,cast,,,,
immigrant,fossil,,,,
first,patrol,,,,
distribution,pulse,,,,
golf,mechanic,,,,
pregnant,cattle,,,,
unable,screening,,,,
alternative,dignity,,,,
favorite,prophet,,,,
stop,commentary,,,,
violent,spread,,,,
portion,serving,,,,
acquire,homework,,,,
suicide,android,,,,
stretch,alpha,,,,
deficit,mortality,,,,
symptom,elephant,,,,
solar,continent,,,,
complaint,attribute,,,,
capable,ecosystem,,,,
analyze,leave,,,,
scared,syndrome,,,,
supporter,minimum,,,,
dig,catch,,,,
twenty,accusation,,,,
pretend,sock,,,,
philosophy,pickup,,,,
childhood,shuttle,,,,
lower,calculation,,,,
well,jaw,,,,
outside,nutrition,,,,
dark,mentor,,,,
wealth,stance,,,,
welfare,rabbit,,,,
poverty,pause,,,,
prosecutor,dot,,,,
spiritual,contributor,,,,
double,disk,,,,
evaluate,likelihood,,,,
mass,sibling,,,,
israeli,southeast,,,,
shift,painter,,,,
reply,counterpart,,,,
buck,believer,,,,
display,lamp,,,,
knife,inmate,,,,
round,trace,,,,
tech,filter,,,,
detective,pillow,,,,
pack,orbit,,,,
disorder,purse,,,,
creature,feed,,,,
tear,clause,,,,
closely,left,,,,
industrial,pond,,,,
housing,shield,,,,
watch,popularity,,,,
chip,cartoon,,,,
regardless,exhibit,,,,
numerous,sink,,,,
tie,graphic,,,,
range,darling,,,,
command,vendor,,,,
shooting,gathering,,,,
dozen,fever,,,,
pop,arrow,,,,
layer,capitalism,,,,
bread,kick,,,,
exception,fork,,,,
passion,meantime,,,,
block,stay,,,,
highway,illusion,,,,
pure,removal,,,,
commander,arab,,,,
extreme,organism,,,,
publication,sculpture,,,,
vice,marine,,,,
fellow,harassment,,,,
win,drum,,,,
mystery,helmet,,,,
championship,certificate,,,,
install,cart,,,,
tale,spy,,,,
liberty,sunlight,,,,
host,rookie,,,,
beneath,hunger,,,,
passenger,practitioner,,,,
physician,performer,,,,
graduate,jar,,,,
sharp,programming,,,,
substance,dawn,,,,
atmosphere,salmon,,,,
stir,census,,,,
muslim,pick,,,,
passage,accomplishment,,,,
pepper,conscience,,,,
emphasize,molecule,,,,
cable,threshold,,,,
square,inventory,,,,
recipe,transport,,,,
load,ranking,,,,
beside,gram,,,,
roof,puzzle,,,,
vegetable,envelope,,,,
accomplish,cure,,,,
silent,discount,,,,
habit,addiction,,,,
discovery,marker,,,,
total,juror,,,,
recovery,mention,,,,
dna,businessman,,,,
gain,premium,,,,
territory,retailer,,,,
girlfriend,liver,,,,
consist,pirate,,,,
straight,protester,,,,
surely,outlook,,,,
proof,elder,,,,
nervous,gallon,,,,
immediate,ignorance,,,,
parking,chemistry,,,,
sin,weed,,,,
unusual,babe,,,,
rice,fraction,,,,
engineering,cook,,,,
advance,conversion,,,,
interview,merit,,,,
bury,citizenship,,,,
still,coordinator,,,,
cake,validity,,,,
anonymous,european,,,,
flag,lightning,,,,
contemporary,turtle,,,,
good,ambition,,,,
jail,comic,,,,
rural,soap,,,,
match,shortage,,,,
coach,booth,,,,
interpretation,diary,,,,
wage,transit,,,,
breakfast,publishing,,,,
severe,curiosity,,,,
profile,grid,,,,
saving,bow,,,,
brief,disclosure,,,,
adjust,rival,,,,
reduction,denial,,,,
constantly,speculation,,,,
assist,sympathy,,,,
bitch,sodium,,,,
constant,ipad,,,,
permit,sack,,,,
primarily,barn,,,,
entertainment,reliability,,,,
shout,hormone,,,,
academy,footage,,,,
teaspoon,alley,,,,
dream,ease,,,,
transfer,cafe,,,,
usual,vampire,,,,
ally,dessert,,,,
clinical,well-being,,,,
count,northeast,,,,
swear,fleet,,,,
avenue,availability,,,,
priest,compliance,,,,
employment,pin,,,,
waste,pork,,,,
relax,astronomer,,,,
owe,like,,,,
transform,installation,,,,
grass,nest,,,,
narrow,goat,,,,
ethnic,equivalent,,,,
scholar,willingness,,,,
edition,banker,,,,
abandon,interval,,,,
practical,gasoline,,,,
infection,bucket,,,,
musical,theft,,,,
suggestion,laundry,,,,
resistance,constraint,,,,
smoke,hatred,,,,
prince,jewelry,,,,
illness,migration,,,,
embrace,invention,,,,
trade,revenge,,,,
republic,halloween,,,,
volunteer,sweetheart,,,,
target,defender,,,,
general,peanut,,,,
evaluation,workout,,,,
mine,wilderness,,,,
opposite,backyard,,,,
awesome,guardian,,,,
switch,scripture,,,,
black,midst,,,,
iraqi,sensitivity,,,,
iron,trigger,,,,
perceive,headache,,,,
fundamental,ego,,,,
phrase,deposit,,,,
assumption,verdict,,,,
sand,regard,,,,
designer,accountability,,,,
planning,critique,,,,
leading,aisle,,,,
mode,blast,,,,
track,compassion,,,,
respect,offender,,,,
widely,chunk,,,,
occasion,appreciation,,,,
pose,canvas,,,,
approximately,punch,,,,
retire,proceedings,,,,
elsewhere,throne,,,,
festival,propaganda,,,,
cap,irony,,,,
secure,soda,,,,
attach,projection,,,,
mechanism,collector,,,,
intention,re-election,,,,
scenario,disappointment,,,,
yell,listener,,,,
incredible,drawer,,,,
spanish,heck,,,,
strongly,ideal,,,,
racial,ash,,,,
transportation,courtroom,,,,
pot,stamp,,,,
boyfriend,solo,,,,
consideration,trainer,,,,
prior,anytime,,,,
retirement,morality,,,,
rarely,pipeline,,,,
joint,bride,,,,
doubt,doorway,,,,
preserve,interface,,,,
enormous,learner,,,,
cigarette,casino,,,,
factory,placement,,,,
valuable,cord,,,,
clip,conception,,,,
electric,flexibility,,,,
giant,flaw,,,,
slave,locker,,,,
submit,twist,,,,
effectively,spell,,,,
christian,plea,,,,
monitor,import,,,,
wonder,stack,,,,
resolve,junk,,,,
remaining,bicycle,,,,
participation,destiny,,,,
stream,vice,,,,
rid,sphere,,,,
origin,sponsor,,,,
teen,sunset,,,,
particular,accounting,,,,
congressional,adaptation,,,,
bind,ray,,,,
coat,emperor,,,,
tower,wagon,,,,
license,columnist,,,,
twitter,jungle,,,,
impose,trillion,,,,
innocent,breeze,,,,
curriculum,blame,,,,
mail,venue,,,,
estimate,riot,,,,
insight,isolation,,,,
investigator,commodity,,,,
virus,attendance,,,,
hurricane,tab,,,,
accurate,dough,,,,
provision,streak,,,,
strike,silk,,,,
communicate,similarity,,,,
cross,steak,,,,
vary,dancing,,,,
jacket,petition,,,,
increasing,breathing,,,,
green,balloon,,,,
equally,monument,,,,
pay,try,,,,
in,cue,,,,
light,sleeve,,,,
implication,toll,,,,
fiction,warrant,,,,
protest,tattoo,,,,
mama,graduation,,,,
imply,japanese,,,,
twin,casualty,,,,
pant,banana,,,,
another,rack,,,,
ahead,usage,,,,
bend,testament,,,,
shock,browser,,,,
exercise,processor,,,,
criteria,thigh,,,,
arab,yield,,,,
dirty,talking,,,,
ring,merchant,,,,
toy,quantum,,,,
potentially,eyebrow,,,,
assault,vocabulary,,,,
peak,radar,,,,
anger,murderer,,,,
boot,burger,,,,
dramatic,collar,,,,
peer,textbook,,,,
enhance,sensation,,,,
math,charm,,,,
slide,hammer,,,,
favor,keyboard,,,,
pink,wheat,,,,
dust,predator,,,,
aunt,,,,,
lost,,,,,
prospect,,,,,
mood,,,,,
mm-hmm,,,,,
settlement,,,,,
rather,,,,,
justify,,,,,
depth,,,,,
juice,,,,,
formal,,,,,
virtually,,,,,
gallery,,,,,
tension,,,,,
throat,,,,,
draft,,,,,
reputation,,,,,
index,,,,,
normally,,,,,
mess,,,,,
joy,,,,,
steel,,,,,
motor,,,,,
enterprise,,,,,
salary,,,,,
moreover,,,,,
giant,,,,,
cousin,,,,,
ordinary,,,,,
graduate,,,,,
dozen,,,,,
evolution,,,,,
so-called,,,,,
helpful,,,,,
competitive,,,,,
lovely,,,,,
fishing,,,,,
anxiety,,,,,
professional,,,,,
carbon,,,,,
essay,,,,,
islamic,,,,,
honor,,,,,
drama,,,,,
odd,,,,,
evil,,,,,
stranger,,,,,
belt,,,,,
urge,,,,,
toss,,,,,
fifth,,,,,
formula,,,,,
potato,,,,,
monster,,,,,
smoke,,,,,
telephone,,,,,
rape,,,,,
palm,,,,,
jet,,,,,
navy,,,,,
excited,,,,,
plot,,,,,
angle,,,,,
criticize,,,,,
prisoner,,,,,
discipline,,,,,
negotiation,,,,,
damn,,,,,
butter,,,,,
desert,,,,,
complicated,,,,,
prize,,,,,
blind,,,,,
assign,,,,,
bullet,,,,,
awareness,,,,,
sequence,,,,,
illustrate,,,,,
drop,,,,,
pack,,,,,
provider,,,,,
fucking,,,,,
minor,,,,,
activist,,,,,
poem,,,,,
vacation,,,,,
weigh,,,,,
gang,,,,,
privacy,,,,,
clock,,,,,
arrange,,,,,
penalty,,,,,
stomach,,,,,
concert,,,,,
originally,,,,,
statistics,,,,,
electronic,,,,,
properly,,,,,
bureau,,,,,
wolf,,,,,
and/or,,,,,
classic,,,,,
recommendation,,,,,
exciting,,,,,
maker,,,,,
dear,,,,,
impression,,,,,
broken,,,,,
battery,,,,,
narrative,,,,,
process,,,,,
arise,,,,,
kid,,,,,
sake,,,,,
delivery,,,,,
forgive,,,,,
visible,,,,,
heavily,,,,,
junior,,,,,
rep,,,,,
diversity,,,,,
string,,,,,
lawsuit,,,,,
latter,,,,,
cute,,,,,
deputy,,,,,
restore,,,,,
buddy,,,,,
psychological,,,,,
besides,,,,,
intense,,,,,
friendly,,,,,
evil,,,,,
lane,,,,,
hungry,,,,,
bean,,,,,
sauce,,,,,
print,,,,,
dominate,,,,,
testing,,,,,
trick,,,,,
fantasy,,,,,
absence,,,,,
offensive,,,,,
symbol,,,,,
recognition,,,,,
detect,,,,,
tablespoon,,,,,
construct,,,,,
hmm,,,,,
arrest,,,,,
approval,,,,,
aids,,,,,
whereas,,,,,
defensive,,,,,
independence,,,,,
apologize,,,,,
top,,,,,
asian,,,,,
rose,,,,,
ghost,,,,,
involvement,,,,,
permanent,,,,,
wire,,,,,
whisper,,,,,
mouse,,,,,
airline,,,,,
founder,,,,,
objective,,,,,
nowhere,,,,,
alternative,,,,,
phenomenon,,,,,
evolve,,,,,
not,,,,,
exact,,,,,
silver,,,,,
cent,,,,,
universal,,,,,
teenager,,,,,
crucial,,,,,
viewer,,,,,
schedule,,,,,
ridiculous,,,,,
chocolate,,,,,
sensitive,,,,,
bottom,,,,,
grandmother,,,,,
missile,,,,,
roughly,,,,,
constitutional,,,,,
adventure,,,,,
genetic,,,,,
advance,,,,,
related,,,,,
swing,,,,,
ultimate,,,,,
manufacturer,,,,,
unknown,,,,,
wipe,,,,,
crop,,,,,
survival,,,,,
line,,,,,
dimension,,,,,
resist,,,,,
request,,,,,
roll,,,,,
shape,,,,,
darkness,,,,,
guarantee,,,,,
historic,,,,,
educator,,,,,
rough,,,,,
personnel,,,,,
race,,,,,
confront,,,,,
terrorist,,,,,
royal,,,,,
elite,,,,,
occupy,,,,,
emphasis,,,,,
wet,,,,,
destruction,,,,,
raw,,,,,
inner,,,,,
proceed,,,,,
violate,,,,,
chart,,,,,
pace,,,,,
finance,,,,,
champion,,,,,
snap,,,,,
suspect,,,,,
advise,,,,,
initially,,,,,
advanced,,,,,
unlikely,,,,,
barrier,,,,,
advocate,,,,,
label,,,,,
access,,,,,
horrible,,,,,
burden,,,,,
violation,,,,,
unlike,,,,,
idiot,,,,,
lifetime,,,,,
working,,,,,
fund,,,,,
ongoing,,,,,
react,,,,,
routine,,,,,
presentation,,,,,
supply,,,,,
gear,,,,,
photograph,,,,,
mexican,,,,,
stadium,,,,,
translate,,,,,
mortgage,,,,,
sheriff,,,,,
clinic,,,,,
spin,,,,,
coalition,,,,,
naturally,,,,,
hopefully,,,,,
mix,,,,,
menu,,,,,
smooth,,,,,
advertising,,,,,
interpret,,,,,
plant,,,,,
dismiss,,,,,
muslim,,,,,
apparent,,,,,
arrangement,,,,,
incorporate,,,,,
split,,,,,
brilliant,,,,,
storage,,,,,
framework,,,,,
honestly,,,,,
chase,,,,,
sigh,,,,,
assure,,,,,
utility,,,,,
taste,,,,,
aggressive,,,,,
cookie,,,,,
terror,,,,,
free,,,,,
worth,,,,,
wealthy,,,,,
update,,,,,
forum,,,,,
alliance,,,,,
possess,,,,,
empire,,,,,
curious,,,,,
corn,,,,,
neither,,,,,
calculate,,,,,
hurry,,,,,
testimony,,,,,
elementary,,,,,
transfer,,,,,
stake,,,,,
precisely,,,,,
bite,,,,,
given,,,,,
substantial,,,,,
depending,,,,,
glance,,,,,
tissue,,,,,
concentration,,,,,
developer,,,,,
found,,,,,
ballot,,,,,
consume,,,,,
overcome,,,,,
biological,,,,,
chamber,,,,,
similarly,,,,,
stick,,,,,
dare,,,,,
developing,,,,,
tiger,,,,,
ratio,,,,,
lover,,,,,
expansion,,,,,
encounter,,,,,
occasionally,,,,,
unemployment,,,,,
pet,,,,,
awful,,,,,
laboratory,,,,,
administrator,,,,,
wind,,,,,
quarterback,,,,,
rocket,,,,,
preparation,,,,,
relative,,,,,
confident,,,,,
strategic,,,,,
marine,,,,,
quote,,,,,
publisher,,,,,
innovation,,,,,
highlight,,,,,
nut,,,,,
fighter,,,,,
rank,,,,,
electricity,,,,,
instance,,,,,
fortune,,,,,
freeze,,,,,
variation,,,,,
armed,,,,,
negotiate,,,,,
laughter,,,,,
wisdom,,,,,
correspondent,,,,,
mixture,,,,,
murder,,,,,
assistant,,,,,
retain,,,,,
tomato,,,,,
indian,,,,,
testify,,,,,
ingredient,,,,,
since,,,,,
galaxy,,,,,
qualify,,,,,
scheme,,,,,
gop,,,,,
shame,,,,,
concentrate,,,,,
contest,,,,,
introduction,,,,,
boundary,,,,,
tube,,,,,
versus,,,,,
chef,,,,,
regularly,,,,,
ugly,,,,,
screw,,,,,
load,,,,,
tongue,,,,,
palestinian,,,,,
fiscal,,,,,
creek,,,,,
hip,,,,,
accompany,,,,,
decline,,,,,
terrorism,,,,,
respondent,,,,,
narrator,,,,,
voting,,,,,
refugee,,,,,
assembly,,,,,
fraud,,,,,
limitation,,,,,
house,,,,,
partnership,,,,,
store,,,,,
crash,,,,,
surprise,,,,,
representation,,,,,
hold,,,,,
ministry,,,,,
flat,,,,,
wise,,,,,
witness,,,,,
excuse,,,,,
register,,,,,
comedy,,,,,
purchase,,,,,
tap,,,,,
infrastructure,,,,,
organic,,,,,
islam,,,,,
diverse,,,,,
favor,,,,,
intellectual,,,,,
tight,,,,,
port,,,,,
fate,,,,,
market,,,,,
absolute,,,,,
dialogue,,,,,
plus,,,,,
frequency,,,,,
tribe,,,,,
external,,,,,
appointment,,,,,
convert,,,,,
surprising,,,,,
mobile,,,,,
establishment,,,,,
worried,,,,,
bye,,,,,
shopping,,,,,
celebrity,,,,,
congressman,,,,,
impress,,,,,
taxpayer,,,,,
adapt,,,,,
publicly,,,,,
pride,,,,,
clothing,,,,,
rapidly,,,,,
domain,,,,,
mainly,,,,,
ceiling,,,,,
alter,,,,,
shelter,,,,,
random,,,,,
obligation,,,,,
shower,,,,,
beg,,,,,
asleep,,,,,
musician,,,,,
extraordinary,,,,,
dirt,,,,,
pc,,,,,
bell,,,,,
smell,,,,,
damage,,,,,
ceremony,,,,,
clue,,,,,
guideline,,,,,
comfort,,,,,
near,,,,,
pregnancy,,,,,
borrow,,,,,
conventional,,,,,
tourist,,,,,
incentive,,,,,
custom,,,,,
cheek,,,,,
tournament,,,,,
double,,,,,
satellite,,,,,
nearby,,,,,
comprehensive,,,,,
stable,,,,,
medication,,,,,
script,,,,,
educate,,,,,
efficient,,,,,
risk,,,,,
welcome,,,,,
scare,,,,,
psychology,,,,,
logic,,,,,
economics,,,,,
update,,,,,
nevertheless,,,,,
devil,,,,,
thirty,,,,,
beat,,,,,
charity,,,,,
fiber,,,,,
wave,,,,,
ideal,,,,,
friendship,,,,,
net,,,,,
motivation,,,,,
differently,,,,,
reserve,,,,,
observer,,,,,
humanity,,,,,
survivor,,,,,
fence,,,,,
quietly,,,,,
humor,,,,,
major,,,,,
funeral,,,,,
spokesman,,,,,
extension,,,,,
loose,,,,,
sink,,,,,
historian,,,,,
ruin,,,,,
balance,,,,,
chemical,,,,,
singer,,,,,
drunk,,,,,
swim,,,,,
onion,,,,,
specialist,,,,,
missing,,,,,
white,,,,,
pan,,,,,
distribute,,,,,
silly,,,,,
deck,,,,,
reflection,,,,,
shortly,,,,,
database,,,,,
flow,,,,,
remote,,,,,
permission,,,,,
remarkable,,,,,
everyday,,,,,
lifestyle,,,,,
sweep,,,,,
naked,,,,,
sufficient,,,,,
lion,,,,,
consumption,,,,,
capability,,,,,
practice,,,,,
emission,,,,,
sidebar,,,,,
crap,,,,,
dealer,,,,,
measurement,,,,,
vital,,,,,
impressive,,,,,
bake,,,,,
fantastic,,,,,
adviser,,,,,
yield,,,,,
mere,,,,,
imagination,,,,,
radical,,,,,
tragedy,,,,,
scary,,,,,
consultant,,,,,
correct,,,,,
lieutenant,,,,,
upset,,,,,
attractive,,,,,
acre,,,,,
drawing,,,,,
defeat,,,,,
newly,,,,,
scandal,,,,,
ambassador,,,,,
ooh,,,,,
spot,,,,,
content,,,,,
round,,,,,
bench,,,,,
guide,,,,,
counter,,,,,
chemical,,,,,
odds,,,,,
rat,,,,,
horror,,,,,
appeal,,,,,
vulnerable,,,,,
prevention,,,,,
square,,,,,
segment,,,,,
ban,,,,,
tail,,,,,
constitute,,,,,
badly,,,,,
bless,,,,,
literary,,,,,
magic,,,,,
implementation,,,,,
legitimate,,,,,
slight,,,,,
crash,,,,,
strip,,,,,
desperate,,,,,
distant,,,,,
preference,,,,,
politically,,,,,
feedback,,,,,
health-care,,,,,
criminal,,,,,
can,,,,,
italian,,,,,
detailed,,,,,
buyer,,,,,
wrong,,,,,
cooperation,,,,,
profession,,,,,
incredibly,,,,,
orange,,,,,
killing,,,,,
sue,,,,,
photographer,,,,,
running,,,,,
engagement,,,,,
differ,,,,,
paint,,,,,
pitch,,,,,
extensive,,,,,
salad,,,,,
stair,,,,,
notice,,,,,
grace,,,,,
divorce,,,,,
vessel,,,,,
pig,,,,,
assignment,,,,,
distinction,,,,,
fit,,,,,
circuit,,,,,
acid,,,,,
canadian,,,,,
flee,,,,,
efficiency,,,,,
memorial,,,,,
proposed,,,,,
blue,,,,,
entity,,,,,
iphone,,,,,
punishment,,,,,
pause,,,,,
pill,,,,,
rub,,,,,
romantic,,,,,
myth,,,,,
economist,,,,,
latin,,,,,
decent,,,,,
assistant,,,,,
craft,,,,,
poetry,,,,,
terrorist,,,,,
thread,,,,,
wooden,,,,,
confuse,,,,,
subject,,,,,
privilege,,,,,
coal,,,,,
fool,,,,,
cow,,,,,
characterize,,,,,
pie,,,,,
decrease,,,,,
resort,,,,,
legacy,,,,,
re,,,,,
stress,,,,,
frankly,,,,,
matter,,,,,
cancel,,,,,
derive,,,,,
dumb,,,,,
scope,,,,,
formation,,,,,
grandfather,,,,,
hence,,,,,
wish,,,,,
margin,,,,,
wound,,,,,
exhibition,,,,,
legislature,,,,,
furthermore,,,,,
portrait,,,,,
catholic,,,,,
sustain,,,,,
uniform,,,,,
painful,,,,,
loud,,,,,
miracle,,,,,
harm,,,,,
zero,,,,,
tactic,,,,,
mask,,,,,
calm,,,,,
inflation,,,,,
hunting,,,,,
physically,,,,,
final,,,,,
flesh,,,,,
temporary,,,,,
fellow,,,,,
nerve,,,,,
lung,,,,,
steady,,,,,
headline,,,,,
sudden,,,,,
successfully,,,,,
defendant,,,,,
pole,,,,,
satisfy,,,,,
entrance,,,,,
aircraft,,,,,
withdraw,,,,,
cabinet,,,,,
relative,,,,,
repeatedly,,,,,
happiness,,,,,
admission,,,,,
correlation,,,,,
proportion,,,,,
dispute,,,,,
candy,,,,,
reward,,,,,
counselor,,,,,
recording,,,,,
pile,,,,,
explosion,,,,,
appoint,,,,,
couch,,,,,
cognitive,,,,,
furniture,,,,,
significance,,,,,
grateful,,,,,
magic,,,,,
suit,,,,,
commissioner,,,,,
shelf,,,,,
tremendous,,,,,
warrior,,,,,
physics,,,,,
garage,,,,,
flavor,,,,,
squeeze,,,,,
prominent,,,,,
fifty,,,,,
fade,,,,,
oven,,,,,
satisfaction,,,,,
discrimination,,,,,
recession,,,,,
allegation,,,,,
boom,,,,,
weekly,,,,,
lately,,,,,
restriction,,,,,
diamond,,,,,
document,,,,,
crack,,,,,
conviction,,,,,
heel,,,,,
fake,,,,,
fame,,,,,
shine,,,,,
swing,,,,,
playoff,,,,,
actress,,,,,
cheat,,,,,
format,,,,,
controversy,,,,,
auto,,,,,
grant,,,,,
grocery,,,,,
headquarters,,,,,
rip,,,,,
rank,,,,,
shade,,,,,
regulate,,,,,
meter,,,,,
olympic,,,,,
pipe,,,,,
patient,,,,,
celebration,,,,,
handful,,,,,
copyright,,,,,
dependent,,,,,
signature,,,,,
bishop,,,,,
strengthen,,,,,
soup,,,,,
entitle,,,,,
whoever,,,,,
carrier,,,,,
anniversary,,,,,
pizza,,,,,
ethics,,,,,
legend,,,,,
eagle,,,,,
scholarship,,,,,
crack,,,,,
research,,,,,
membership,,,,,
standing,,,,,
possession,,,,,
treaty,,,,,
partly,,,,,
consciousness,,,,,
manufacturing,,,,,
announcement,,,,,
tire,,,,,
no,,,,,
makeup,,,,,
pop,,,,,
prediction,,,,,
stability,,,,,
trace,,,,,
norm,,,,,
irish,,,,,
genius,,,,,
gently,,,,,
operator,,,,,
mall,,,,,
rumor,,,,,
poet,,,,,
tendency,,,,,
subsequent,,,,,
alien,,,,,
explode,,,,,
cool,,,,,
controversial,,,,,
maintenance,,,,,
courage,,,,,
exceed,,,,,
tight,,,,,
principal,,,,,
vaccine,,,,,
identification,,,,,
sandwich,,,,,
bull,,,,,
lens,,,,,
twelve,,,,,
mainstream,,,,,
presidency,,,,,
integrity,,,,,
distinct,,,,,
intelligent,,,,,
secondary,,,,,
bias,,,,,
hypothesis,,,,,
fifteen,,,,,
nomination,,,,,
delay,,,,,
adjustment,,,,,
sanction,,,,,
render,,,,,
shop,,,,,
acceptable,,,,,
mutual,,,,,
high,,,,,
examination,,,,,
meaningful,,,,,
communist,,,,,
superior,,,,,
currency,,,,,
collective,,,,,
tip,,,,,
flame,,,,,
guitar,,,,,
doctrine,,,,,
palestinian,,,,,
float,,,,,
commerce,,,,,
invent,,,,,
robot,,,,,
rapid,,,,,
plain,,,,,
respectively,,,,,
particle,,,,,
across,,,,,
glove,,,,,
till,,,,,
edit,,,,,
moderate,,,,,
jazz,,,,,
infant,,,,,
summary,,,,,
server,,,,,
leather,,,,,
radiation,,,,,
prompt,,,,,
function,,,,,
composition,,,,,
operating,,,,,
assert,,,,,
case,,,,,
discourse,,,,,
loud,,,,,
dump,,,,,
net,,,,,
wildlife,,,,,
soccer,,,,,
complex,,,,,
mandate,,,,,
monitor,,,,,
downtown,,,,,
nightmare,,,,,
barrel,,,,,
homeless,,,,,
globe,,,,,
uncomfortable,,,,,
execute,,,,,
feel,,,,,
trap,,,,,
gesture,,,,,
pale,,,,,
tent,,,,,
receiver,,,,,
horizon,,,,,
diagnosis,,,,,
considerable,,,,,
gospel,,,,,
automatically,,,,,
fighting,,,,,
stroke,,,,,
wander,,,,,
duck,,,,,
grain,,,,,
beast,,,,,
concern,,,,,
remark,,,,,
fabric,,,,,
civilization,,,,,
warm,,,,,
corruption,,,,,
collapse,,,,,
ma'am,,,,,
greatly,,,,,
workshop,,,,,
inquiry,,,,,
cd,,,,,
admire,,,,,
exclude,,,,,
rifle,,,,,
closet,,,,,
reporting,,,,,
curve,,,,,
patch,,,,,
touchdown,,,,,
experimental,,,,,
earnings,,,,,
hunter,,,,,
fly,,,,,
tunnel,,,,,
corps,,,,,
behave,,,,,
rent,,,,,
german,,,,,
motivate,,,,,
attribute,,,,,
elderly,,,,,
virtual,,,,,
minimum,,,,,
weakness,,,,,
progressive,,,,,
doc,,,,,
medium,,,,,
virtue,,,,,
ounce,,,,,
collapse,,,,,
delay,,,,,
athletic,,,,,
confusion,,,,,
legislative,,,,,
facilitate,,,,,
midnight,,,,,
deer,,,,,
way,,,,,
undergo,,,,,
heritage,,,,,
summit,,,,,
sword,,,,,
telescope,,,,,
donate,,,,,
blade,,,,,
toe,,,,,
agriculture,,,,,
park,,,,,
enforce,,,,,
recruit,,,,,
favor,,,,,
dose,,,,,
concerning,,,,,
integrate,,,,,
rate,,,,,
pitch,,,,,
prescription,,,,,
retail,,,,,
adoption,,,,,
monthly,,,,,
deadly,,,,,
grave,,,,,
rope,,,,,
reliable,,,,,
label,,,,,
transaction,,,,,
lawn,,,,,
consistently,,,,,
mount,,,,,
bubble,,,,,
briefly,,,,,
absorb,,,,,
princess,,,,,
log,,,,,
blanket,,,,,
laugh,,,,,
kingdom,,,,,
anticipate,,,,,
bug,,,,,
primary,,,,,
dedicate,,,,,
nominee,,,,,
transformation,,,,,
temple,,,,,
sense,,,,,
arrival,,,,,
frustration,,,,,
changing,,,,,
demonstration,,,,,
pollution,,,,,
poster,,,,,
nail,,,,,
nonprofit,,,,,
cry,,,,,
guidance,,,,,
exhibit,,,,,
pen,,,,,
interrupt,,,,,
lemon,,,,,
bankruptcy,,,,,
resign,,,,,
dominant,,,,,
invasion,,,,,
sacred,,,,,
replacement,,,,,
portray,,,,,
hunt,,,,,
distinguish,,,,,
melt,,,,,
consensus,,,,,
kiss,,,,,
french,,,,,
hardware,,,,,
rail,,,,,
cold,,,,,
mate,,,,,
dry,,,,,
korean,,,,,
cabin,,,,,
dining,,,,,
liberal,,,,,
snake,,,,,
tobacco,,,,,
orientation,,,,,
trigger,,,,,
wherever,,,,,
seize,,,,,
abuse,,,,,
mess,,,,,
punish,,,,,
sexy,,,,,
depict,,,,,
input,,,,,
seemingly,,,,,
widespread,,,,,
competitor,,,,,
flip,,,,,
freshman,,,,,
donation,,,,,
administrative,,,,,
donor,,,,,
gradually,,,,,
overlook,,,,,
toilet,,,,,
pleased,,,,,
resemble,,,,,
ideology,,,,,
glory,,,,,
maximum,,,,,
organ,,,,,
skip,,,,,
starting,,,,,
brush,,,,,
brick,,,,,
gut,,,,,
reservation,,,,,
rebel,,,,,
disappointed,,,,,
oak,,,,,
valid,,,,,
instructor,,,,,
rescue,,,,,
racism,,,,,
pension,,,,,
diabetes,,,,,
overall,,,,,
cluster,,,,,
eager,,,,,
marijuana,,,,,
combat,,,,,
praise,,,,,
costume,,,,,
sixth,,,,,
frequent,,,,,
inspiration,,,,,
orange,,,,,
concrete,,,,,
cooking,,,,,
conspiracy,,,,,
trait,,,,,
van,,,,,
institutional,,,,,
garlic,,,,,
drinking,,,,,
response,,,,,
crystal,,,,,
stretch,,,,,
pro,,,,,
associate,,,,,
helicopter,,,,,
counsel,,,,,
equation,,,,,
roman,,,,,
sophisticated,,,,,
timing,,,,,
pope,,,,,
opera,,,,,
ethical,,,,,
mount,,,,,
indication,,,,,
motive,,,,,
porch,,,,,
reinforce,,,,,
gaze,,,,,
ours,,,,,
lap,,,,,
written,,,,,
reverse,,,,,
starter,,,,,
injure,,,,,
chronic,,,,,
continued,,,,,
exclusive,,,,,
colonel,,,,,
copy,,,,,
beef,,,,,
abroad,,,,,
thanksgiving,,,,,
intensity,,,,,
desire,,,,,
cave,,,,,
basement,,,,,
associated,,,,,
unlike,,,,,
fascinating,,,,,
interact,,,,,
illustration,,,,,
daily,,,,,
essence,,,,,
container,,,,,
driving,,,,,
stuff,,,,,
dynamic,,,,,
gym,,,,,
bat,,,,,
plead,,,,,
promotion,,,,,
uncertainty,,,,,
ownership,,,,,
officially,,,,,
tag,,,,,
documentary,,,,,
stem,,,,,
flood,,,,,
guilt,,,,,
inside,,,,,
alarm,,,,,
turkey,,,,,
conduct,,,,,
diagnose,,,,,
precious,,,,,
swallow,,,,,
initiate,,,,,
fitness,,,,,
restrict,,,,,
gulf,,,,,
advocate,,,,,
mommy,,,,,
unexpected,,,,,
shrug,,,,,
agricultural,,,,,
sacrifice,,,,,
spectrum,,,,,
dragon,,,,,
bacteria,,,,,
shore,,,,,
pastor,,,,,
cliff,,,,,
ship,,,,,
adequate,,,,,
rape,,,,,
addition,,,,,
tackle,,,,,
occupation,,,,,
compose,,,,,
slice,,,,,
brave,,,,,
military,,,,,
stimulus,,,,,
patent,,,,,
powder,,,,,
harsh,,,,,
chaos,,,,,
kit,,,,,
this,,,,,
piano,,,,,
surprisingly,,,,,
lend,,,,,
correctly,,,,,
project,,,,,
govern,,,,,
modest,,,,,
shared,,,,,
psychologist,,,,,
servant,,,,,
overwhelming,,,,,
elevator,,,,,
hispanic,,,,,
divine,,,,,
transmission,,,,,
butt,,,,,
commonly,,,,,
cowboy,,,,,
ease,,,,,
intent,,,,,
counseling,,,,,
gentle,,,,,
rhythm,,,,,
short,,,,,
complexity,,,,,
nonetheless,,,,,
effectiveness,,,,,
lonely,,,,,
statistical,,,,,
longtime,,,,,
strain,,,,,
firm,,,,,
garbage,,,,,
devote,,,,,
speed,,,,,
venture,,,,,
lock,,,,,
aide,,,,,
subtle,,,,,
rod,,,,,
top,,,,,
civilian,,,,,
t-shirt,,,,,
endure,,,,,
civilian,,,,,
basket,,,,,
strict,,,,,
loser,,,,,
franchise,,,,,
saint,,,,,
aim,,,,,
prosecution,,,,,
bite,,,,,
lyrics,,,,,
compound,,,,,
architecture,,,,,
reach,,,,,
destination,,,,,
cope,,,,,
province,,,,,
sum,,,,,
lecture,,,,,
spill,,,,,
genuine,,,,,
upstairs,,,,,
protest,,,,,
trading,,,,,
please,,,,,
acceptance,,,,,
revelation,,,,,
march,,,,,
indicator,,,,,
collaboration,,,,,
rhetoric,,,,,
tune,,,,,
slam,,,,,
inevitable,,,,,
monkey,,,,,
till,,,,,
protocol,,,,,
productive,,,,,
principal,,,,,
finish,,,,,
jeans,,,,,
companion,,,,,
convict,,,,,
boost,,,,,
recipient,,,,,
practically,,,,,
array,,,,,
persuade,,,,,
undermine,,,,,
yep,,,,,
ranch,,,,,
scout,,,,,
medal,,,,,
endless,,,,,
translation,,,,,
ski,,,,,
conservation,,,,,
habitat,,,,,
contractor,,,,,
trailer,,,,,
pitcher,,,,,
towel,,,,,
goodbye,,,,,
harm,,,,,
bonus,,,,,
dramatically,,,,,
genre,,,,,
caller,,,,,
exit,,,,,
hook,,,,,
behavioral,,,,,
omit,,,,,
pit,,,,,
volunteer,,,,,
boring,,,,,
hook,,,,,
suspend,,,,,
cholesterol,,,,,
closed,,,,,
advertisement,,,,,
bombing,,,,,
consult,,,,,
encounter,,,,,
expertise,,,,,
creator,,,,,
peaceful,,,,,
upset,,,,,
provided,,,,,
tablet,,,,,
blow,,,,,
ruling,,,,,
launch,,,,,
warming,,,,,
equity,,,,,
rational,,,,,
classic,,,,,
utilize,,,,,
pine,,,,,
past,,,,,
bitter,,,,,
guard,,,,,
surgeon,,,,,
affordable,,,,,
tennis,,,,,
artistic,,,,,
download,,,,,
suffering,,,,,
accuracy,,,,,
literacy,,,,,
treasury,,,,,
talented,,,,,
crown,,,,,
importantly,,,,,
bare,,,,,
invisible,,,,,
sergeant,,,,,
regulatory,,,,,
thumb,,,,,
colony,,,,,
walking,,,,,
accessible,,,,,
damn,,,,,
integration,,,,,
spouse,,,,,
award,,,,,
excitement,,,,,
residence,,,,,
bold,,,,,
adolescent,,,,,
greek,,,,,
doll,,,,,
oxygen,,,,,
finance,,,,,
gravity,,,,,
functional,,,,,
palace,,,,,
echo,,,,,
cotton,,,,,
rescue,,,,,
estimated,,,,,
program,,,,,
endorse,,,,,
lawmaker,,,,,
determination,,,,,
flash,,,,,
simultaneously,,,,,
dynamics,,,,,
shell,,,,,
hint,,,,,
frame,,,,,
administer,,,,,
rush,,,,,
christianity,,,,,
distract,,,,,
ban,,,,,
alleged,,,,,
statute,,,,,
value,,,,,
biology,,,,,
republican,,,,,
follower,,,,,
nasty,,,,,
evident,,,,,
prior,,,,,
confess,,,,,
eligible,,,,,
picture,,,,,
rock,,,,,
trap,,,,,
consent,,,,,
pump,,,,,
down,,,,,
bloody,,,,,
hate,,,,,
occasional,,,,,
trunk,,,,,
prohibit,,,,,
sustainable,,,,,
belly,,,,,
banking,,,,,
asshole,,,,,
journalism,,,,,
flash,,,,,
average,,,,,
obstacle,,,,,
ridge,,,,,
heal,,,,,
bastard,,,,,
cheer,,,,,
apology,,,,,
tumor,,,,,
architect,,,,,
wrist,,,,,
harbor,,,,,
handsome,,,,,
bullshit,,,,,
realm,,,,,
bet,,,,,
twist,,,,,
inspector,,,,,
surveillance,,,,,
trauma,,,,,
rebuild,,,,,
romance,,,,,
gross,,,,,
deadline,,,,,
age,,,,,
classical,,,,,
convey,,,,,
compensation,,,,,
insect,,,,,
debate,,,,,
output,,,,,
parliament,,,,,
suite,,,,,
opposed,,,,,
fold,,,,,
separation,,,,,
demon,,,,,
eating,,,,,
structural,,,,,
besides,,,,,
equality,,,,,
logical,,,,,
probability,,,,,
await,,,,,
generous,,,,,
acquisition,,,,,
custody,,,,,
compromise,,,,,
greet,,,,,
trash,,,,,
judicial,,,,,
earthquake,,,,,
insane,,,,,
realistic,,,,,
wake,,,,,
assemble,,,,,
necessity,,,,,
horn,,,,,
parameter,,,,,
grip,,,,,
modify,,,,,
signal,,,,,
sponsor,,,,,
mathematics,,,,,
hallway,,,,,
african-american,,,,,
any,,,,,
liability,,,,,
crawl,,,,,
theoretical,,,,,
condemn,,,,,
fluid,,,,,
homeland,,,,,
technological,,,,,
exam,,,,,
anchor,,,,,
spell,,,,,
considering,,,,,
conscious,,,,,
vitamin,,,,,
known,,,,,
hostage,,,,,
reserve,,,,,
actively,,,,,
mill,,,,,
teenage,,,,,
respect,,,,,
retrieve,,,,,
processing,,,,,
sentiment,,,,,
offering,,,,,
oral,,,,,
convinced,,,,,
photography,,,,,
coin,,,,,
laptop,,,,,
bounce,,,,,
goodness,,,,,
affiliation,,,,,
punch,,,,,
burst,,,,,
bee,,,,,
blessing,,,,,
command,,,,,
continuous,,,,,
above,,,,,
landing,,,,,
repair,,,,,
worry,,,,,
ritual,,,,,
bath,,,,,
sneak,,,,,
historically,,,,,
mud,,,,,
scan,,,,,
reminder,,,,,
hers,,,,,
slavery,,,,,
supervisor,,,,,
quantity,,,,,
olympics,,,,,
pleasant,,,,,
slope,,,,,
skirt,,,,,
outlet,,,,,
curtain,,,,,
declaration,,,,,
seal,,,,,
immune,,,,,
switch,,,,,
calendar,,,,,
paragraph,,,,,
identical,,,,,
credit,,,,,
regret,,,,,
quest,,,,,
flat,,,,,
entrepreneur,,,,,
specify,,,,,
stumble,,,,,
clay,,,,,
noon,,,,,
last,,,,,
strip,,,,,
elbow,,,,,
outstanding,,,,,
uh-huh,,,,,
unity,,,,,
rent,,,,,
manipulate,,,,,
airplane,,,,,
portfolio,,,,,
mysterious,,,,,
delicious,,,,,
northwest,,,,,
sweat,,,,,
profound,,,,,
sacrifice,,,,,
treasure,,,,,
flour,,,,,
lightly,,,,,
rally,,,,,
default,,,,,
alongside,,,,,
plain,,,,,
hug,,,,,
isolate,,,,,
exploration,,,,,
secure,,,,,
limb,,,,,
enroll,,,,,
outer,,,,,
charter,,,,,
southwest,,,,,
escape,,,,,
arena,,,,,
witch,,,,,
upcoming,,,,,
forty,,,,,
someday,,,,,
unite,,,,,
courtesy,,,,,
statue,,,,,
fist,,,,,
castle,,,,,
precise,,,,,
squad,,,,,
cruise,,,,,
joke,,,,,
legally,,,,,
embassy,,,,,
patience,,,,,
medium,,,,,
thereby,,,,,
bush,,,,,
purple,,,,,
peer,,,,,
electrical,,,,,
outfit,,,,,
cage,,,,,
retired,,,,,
shark,,,,,
lobby,,,,,
sidewalk,,,,,
near,,,,,
runner,,,,,
ankle,,,,,
attraction,,,,,
fool,,,,,
artificial,,,,,
mercy,,,,,
indigenous,,,,,
slap,,,,,
tune,,,,,
dancer,,,,,
candle,,,,,
sexually,,,,,
needle,,,,,
hidden,,,,,
chronicle,,,,,
suburb,,,,,
toxic,,,,,
underlying,,,,,
sensor,,,,,
deploy,,,,,
debut,,,,,
star,,,,,
magnitude,,,,,
suspicion,,,,,
pro,,,,,
colonial,,,,,
icon,,,,,
grandma,,,,,
info,,,,,
jurisdiction,,,,,
iranian,,,,,
senior,,,,,
parade,,,,,
seal,,,,,
archive,,,,,
gifted,,,,,
rage,,,,,
outdoor,,,,,
ending,,,,,
loop,,,,,
altogether,,,,,
chase,,,,,
burning,,,,,
reception,,,,,
local,,,,,
crush,,,,,
premise,,,,,
deem,,,,,
automatic,,,,,
whale,,,,,
mechanical,,,,,
credibility,,,,,
drain,,,,,
drift,,,,,
loyalty,,,,,
promising,,,,,
tide,,,,,
traveler,,,,,
grief,,,,,
metaphor,,,,,
skull,,,,,
pursuit,,,,,
therapist,,,,,
backup,,,,,
workplace,,,,,
instinct,,,,,
export,,,,,
bleed,,,,,
shock,,,,,
seventh,,,,,
fixed,,,,,
broadcast,,,,,
disclose,,,,,
execution,,,,,
pal,,,,,
chuckle,,,,,
pump,,,,,
density,,,,,
correction,,,,,
representative,,,,,
jump,,,,,
repair,,,,,
kinda,,,,,
relieve,,,,,
teammate,,,,,
brush,,,,,
corridor,,,,,
russian,,,,,
enthusiasm,,,,,
extended,,,,,
root,,,,,
alright,,,,,
panic,,,,,
pad,,,,,
bid,,,,,
mild,,,,,
productivity,,,,,
guess,,,,,
tuck,,,,,
defeat,,,,,
railroad,,,,,
frozen,,,,,
minimize,,,,,
amid,,,,,
inspection,,,,,
cab,,,,,
expected,,,,,
nonsense,,,,,
leap,,,,,
draft,,,,,
rider,,,,,
theology,,,,,
terrific,,,,,
accent,,,,,
invitation,,,,,
reply,,,,,
israeli,,,,,
liar,,,,,
oversee,,,,,
awkward,,,,,
registration,,,,,
suburban,,,,,
handle,,,,,
momentum,,,,,
instantly,,,,,
clerk,,,,,
chin,,,,,
hockey,,,,,
laser,,,,,
proposition,,,,,
rob,,,,,
beam,,,,,
ancestor,,,,,
creativity,,,,,
verse,,,,,
casual,,,,,
objection,,,,,
clever,,,,,
given,,,,,
shove,,,,,
revolutionary,,,,,
carbohydrate,,,,,
steam,,,,,
reportedly,,,,,
glance,,,,,
forehead,,,,,
resume,,,,,
slide,,,,,
sheep,,,,,
good,,,,,
carpet,,,,,
cloth,,,,,
interior,,,,,
full-time,,,,,
running,,,,,
questionnaire,,,,,
compromise,,,,,
departure,,,,,
behalf,,,,,
graph,,,,,
diplomatic,,,,,
thief,,,,,
herb,,,,,
subsidy,,,,,
cast,,,,,
fossil,,,,,
patrol,,,,,
pulse,,,,,
mechanic,,,,,
cattle,,,,,
screening,,,,,
continuing,,,,,
electoral,,,,,
supposedly,,,,,
dignity,,,,,
prophet,,,,,
commentary,,,,,
sort,,,,,
spread,,,,,
serving,,,,,
safely,,,,,
homework,,,,,
allegedly,,,,,
android,,,,,
alpha,,,,,
insert,,,,,
mortality,,,,,
contend,,,,,
elephant,,,,,
solely,,,,,
hurt,,,,,
continent,,,,,
attribute,,,,,
ecosystem,,,,,
leave,,,,,
nearby,,,,,
olive,,,,,
syndrome,,,,,
minimum,,,,,
catch,,,,,
abstract,,,,,
accusation,,,,,
coming,,,,,
sock,,,,,
pickup,,,,,
shuttle,,,,,
improved,,,,,
calculation,,,,,
innovative,,,,,
demographic,,,,,
accommodate,,,,,
jaw,,,,,
unfair,,,,,
tragic,,,,,
comprise,,,,,
faster,,,,,
nutrition,,,,,
mentor,,,,,
stance,,,,,
rabbit,,,,,
pause,,,,,
dot,,,,,
contributor,,,,,
cooperate,,,,,
disk,,,,,
hesitate,,,,,
regard,,,,,
offend,,,,,
exploit,,,,,
compel,,,,,
likelihood,,,,,
sibling,,,,,
southeast,,,,,
gorgeous,,,,,
undertake,,,,,
painter,,,,,
residential,,,,,
counterpart,,,,,
believer,,,,,
lamp,,,,,
inmate,,,,,
thoroughly,,,,,
trace,,,,,
freak,,,,,
filter,,,,,
pillow,,,,,
orbit,,,,,
purse,,,,,
likewise,,,,,
cease,,,,,
passing,,,,,
feed,,,,,
vanish,,,,,
instructional,,,,,
clause,,,,,
mentally,,,,,
model,,,,,
left,,,,,
pond,,,,,
neutral,,,,,
shield,,,,,
popularity,,,,,
cartoon,,,,,
authorize,,,,,
combined,,,,,
exhibit,,,,,
sink,,,,,
graphic,,,,,
darling,,,,,
traditionally,,,,,
vendor,,,,,
poorly,,,,,
conceive,,,,,
opt,,,,,
descend,,,,,
firmly,,,,,
beloved,,,,,
openly,,,,,
gathering,,,,,
alien,,,,,
stem,,,,,
fever,,,,,
preach,,,,,
interfere,,,,,
arrow,,,,,
required,,,,,
capitalism,,,,,
kick,,,,,
fork,,,,,
survey,,,,,
meantime,,,,,
presumably,,,,,
position,,,,,
racist,,,,,
stay,,,,,
illusion,,,,,
removal,,,,,
anxious,,,,,
arab,,,,,
organism,,,,,
awake,,,,,
sculpture,,,,,
spare,,,,,
marine,,,,,
harassment,,,,,
drum,,,,,
diminish,,,,,
helmet,,,,,
level,,,,,
certificate,,,,,
tribal,,,,,
bad,,,,,
mmm,,,,,
sadly,,,,,
cart,,,,,
spy,,,,,
sunlight,,,,,
delete,,,,,
rookie,,,,,
clarify,,,,,
hunger,,,,,
practitioner,,,,,
performer,,,,,
protective,,,,,
jar,,,,,
programming,,,,,
dawn,,,,,
salmon,,,,,
census,,,,,
pick,,,,,
accomplishment,,,,,
conscience,,,,,
fortunately,,,,,
minimal,,,,,
molecule,,,,,
supportive,,,,,
sole,,,,,
threshold,,,,,
inventory,,,,,
comply,,,,,
monetary,,,,,
transport,,,,,
shy,,,,,
drill,,,,,
influential,,,,,
verbal,,,,,
reward,,,,,
ranking,,,,,
gram,,,,,
grasp,,,,,
puzzle,,,,,
envelope,,,,,
heat,,,,,
classify,,,,,
enact,,,,,
unfortunate,,,,,
scatter,,,,,
cure,,,,,
time,,,,,
dear,,,,,
slice,,,,,
readily,,,,,
damn,,,,,
discount,,,,,
addiction,,,,,
emerging,,,,,
worthy,,,,,
marker,,,,,
juror,,,,,
mention,,,,,
blend,,,,,
businessman,,,,,
premium,,,,,
retailer,,,,,
charge,,,,,
liver,,,,,
pirate,,,,,
protester,,,,,
outlook,,,,,
elder,,,,,
gallon,,,,,
additionally,,,,,
ignorance,,,,,
chemistry,,,,,
sometime,,,,,
weed,,,,,
babe,,,,,
fraction,,,,,
cook,,,,,
conversion,,,,,
object,,,,,
tolerate,,,,,
trail,,,,,
drown,,,,,
merit,,,,,
citizenship,,,,,
coordinator,,,,,
validity,,,,,
european,,,,,
lightning,,,,,
turtle,,,,,
ambition,,,,,
worldwide,,,,,
sail,,,,,
added,,,,,
delicate,,,,,
comic,,,,,
soap,,,,,
hostile,,,,,
instruct,,,,,
shortage,,,,,
useless,,,,,
booth,,,,,
diary,,,,,
gasp,,,,,
suspicious,,,,,
transit,,,,,
excite,,,,,
publishing,,,,,
curiosity,,,,,
grid,,,,,
rolling,,,,,
bow,,,,,
cruel,,,,,
disclosure,,,,,
rival,,,,,
denial,,,,,
secular,,,,,
flood,,,,,
speculation,,,,,
sympathy,,,,,
tender,,,,,
inappropriate,,,,,
o'clock,,,,,
sodium,,,,,
divorce,,,,,
spring,,,,,
bang,,,,,
challenging,,,,,
ipad,,,,,
sack,,,,,
barn,,,,,
reliability,,,,,
hormone,,,,,
footage,,,,,
carve,,,,,
alley,,,,,
ease,,,,,
coastal,,,,,
cafe,,,,,
partial,,,,,
flexible,,,,,
experienced,,,,,
mixed,,,,,
vampire,,,,,
optimistic,,,,,
dessert,,,,,
well-being,,,,,
northeast,,,,,
specialize,,,,,
fleet,,,,,
availability,,,,,
compliance,,,,,
pin,,,,,
pork,,,,,
astronomer,,,,,
like,,,,,
forbid,,,,,
installation,,,,,
boil,,,,,
nest,,,,,
exclusively,,,,,
goat,,,,,
shallow,,,,,
equip,,,,,
equivalent,,,,,
betray,,,,,
willingness,,,,,
banker,,,,,
interval,,,,,
gasoline,,,,,
encouraging,,,,,
rain,,,,,
exchange,,,,,
bucket,,,,,
theft,,,,,
laundry,,,,,
constraint,,,,,
dying,,,,,
hatred,,,,,
jewelry,,,,,
migration,,,,,
invention,,,,,
loving,,,,,
revenge,,,,,
unprecedented,,,,,
outline,,,,,
sheer,,,,,
halloween,,,,,
sweetheart,,,,,
spit,,,,,
lazy,,,,,
intimate,,,,,
defender,,,,,
technically,,,,,
battle,,,,,
cure,,,,,
peanut,,,,,
unclear,,,,,
piss,,,,,
workout,,,,,
wilderness,,,,,
compelling,,,,,
eleven,,,,,
arm,,,,,
backyard,,,,,
alike,,,,,
partially,,,,,
transport,,,,,
guardian,,,,,
passionate,,,,,
scripture,,,,,
midst,,,,,
ideological,,,,,
apart,,,,,
thrive,,,,,
sensitivity,,,,,
trigger,,,,,
emotionally,,,,,
ignorant,,,,,
explicitly,,,,,
unfold,,,,,
headache,,,,,
eternal,,,,,
chop,,,,,
ego,,,,,
spectacular,,,,,
deposit,,,,,
verdict,,,,,
regard,,,,,
accountability,,,,,
nominate,,,,,
civic,,,,,
uncover,,,,,
critique,,,,,
aisle,,,,,
tropical,,,,,
annually,,,,,
eighth,,,,,
blast,,,,,
corrupt,,,,,
compassion,,,,,
scratch,,,,,
verify,,,,,
offender,,,,,
inherit,,,,,
strive,,,,,
downtown,,,,,
chunk,,,,,
appreciation,,,,,
canvas,,,,,
punch,,,,,
short-term,,,,,
proceedings,,,,,
magical,,,,,
loyal,,,,,
aah,,,,,
desperately,,,,,
throne,,,,,
brutal,,,,,
spite,,,,,
propaganda,,,,,
irony,,,,,
soda,,,,,
projection,,,,,
dutch,,,,,
parental,,,,,
disabled,,,,,
collector,,,,,
re-election,,,,,
disappointment,,,,,
comic,,,,,
aid,,,,,
happily,,,,,
steep,,,,,
fancy,,,,,
counter,,,,,
listener,,,,,
whip,,,,,
public,,,,,
drawer,,,,,
heck,,,,,
developmental,,,,,
ideal,,,,,
ash,,,,,
socially,,,,,
courtroom,,,,,
stamp,,,,,
solo,,,,,
trainer,,,,,
induce,,,,,
anytime,,,,,
morality,,,,,
syrian,,,,,
pipeline,,,,,
bride,,,,,
instant,,,,,
spark,,,,,
doorway,,,,,
interface,,,,,
learner,,,,,
casino,,,,,
placement,,,,,
cord,,,,,
fan,,,,,
conception,,,,,
flexibility,,,,,
thou,,,,,
tax,,,,,
elegant,,,,,
flaw,,,,,
locker,,,,,
peel,,,,,
campaign,,,,,
twist,,,,,
spell,,,,,
objective,,,,,
plea,,,,,
goddamn,,,,,
import,,,,,
stack,,,,,
gosh,,,,,
philosophical,,,,,
junk,,,,,
bicycle,,,,,
vocal,,,,,
chew,,,,,
destiny,,,,,
ambitious,,,,,
unbelievable,,,,,
vice,,,,,
halfway,,,,,
jealous,,,,,
sphere,,,,,
invade,,,,,
sponsor,,,,,
excessive,,,,,
countless,,,,,
sunset,,,,,
interior,,,,,
accounting,,,,,
faithful,,,,,
freely,,,,,
extract,,,,,
adaptation,,,,,
ray,,,,,
depressed,,,,,
emperor,,,,,
wagon,,,,,
columnist,,,,,
jungle,,,,,
embarrassed,,,,,
trillion,,,,,
breeze,,,,,
blame,,,,,
foster,,,,,
venue,,,,,
discourage,,,,,
disturbing,,,,,
riot,,,,,
isolation,,,,,
explicit,,,,,
commodity,,,,,
attendance,,,,,
tab,,,,,
consequently,,,,,
dough,,,,,
novel,,,,,
streak,,,,,
silk,,,,,
similarity,,,,,
steak,,,,,
dancing,,,,,
petition,,,,,
viable,,,,,
breathing,,,,,
mm,,,,,
balloon,,,,,
monument,,,,,
try,,,,,
cue,,,,,
sleeve,,,,,
toll,,,,,
reluctant,,,,,
warrant,,,,,
stiff,,,,,
tattoo,,,,,
softly,,,,,
sudden,,,,,
graduation,,,,,
japanese,,,,,
deliberately,,,,,
consecutive,,,,,
upgrade,,,,,
associate,,,,,
accurately,,,,,
strictly,,,,,
leak,,,,,
casualty,,,,,
risky,,,,,
banana,,,,,
blank,,,,,
beneficial,,,,,
shrink,,,,,
chat,,,,,
rack,,,,,
rude,,,,,
usage,,,,,
testament,,,,,
browser,,,,,
processor,,,,,
thigh,,,,,
perceived,,,,,
yield,,,,,
talking,,,,,
merchant,,,,,
quantum,,,,,
eyebrow,,,,,
surrounding,,,,,
vocabulary,,,,,
ashamed,,,,,
eh,,,,,
radar,,,,,
stunning,,,,,
murderer,,,,,
burger,,,,,
collar,,,,,
align,,,,,
textbook,,,,,
sensation,,,,,
afterward,,,,,
charm,,,,,
sunny,,,,,
hammer,,,,,
keyboard,,,,,
persist,,,,,
wheat,,,,,
predator,,,,,
bizarre,,,,,
