,explicit_sentence,obscure_sentence,explicit_entity,obscure_entity,answer,ans_prob_obs,ans_prob_exp,ans_prob_after_edit,answer_prob_exp,answer_prob_obs,ans_prob_obs_edit_subject_George Washington,topk_tok_obs_edit_subject_George Washington,ans_prob_obs_edit_subject_The president,topk_tok_obs_edit_subject_The president,ans_prob_obs_edit_subject_St. Peter's Basilica,topk_tok_obs_edit_subject_St. Peter's Basilica,ans_prob_obs_edit_subject_Jesus,topk_tok_obs_edit_subject_Jesus,ans_prob_obs_edit_subject_Elephants,topk_tok_obs_edit_subject_Elephants,ans_prob_obs_edit_subject_Barack Obama,topk_tok_obs_edit_subject_Barack Obama,ans_prob_obs_edit_subject_Burj Khalifa,topk_tok_obs_edit_subject_Burj Khalifa,ans_prob_obs_edit_subject_Mesopotamian civilization,topk_tok_obs_edit_subject_Mesopotamian civilization,ans_prob_obs_edit_subject_Martin Luther King Jr.,topk_tok_obs_edit_subject_Martin Luther King Jr.,ans_prob_obs_edit_subject_The sperm whale,topk_tok_obs_edit_subject_The sperm whale,ans_prob_obs_edit_subject_The surface of the Earth,topk_tok_obs_edit_subject_The surface of the Earth,ans_prob_obs_edit_subject_Columbus' expedition,topk_tok_obs_edit_subject_Columbus' expedition,ans_prob_obs_edit_subject_Royce Gracie,topk_tok_obs_edit_subject_Royce Gracie,ans_prob_obs_edit_subject_Enzo Ferrari,topk_tok_obs_edit_subject_Enzo Ferrari,ans_prob_obs_edit_subject_California,topk_tok_obs_edit_subject_California,ans_prob_obs_edit_subject_Hillary Clinton,topk_tok_obs_edit_subject_Hillary Clinton,ans_prob_obs_edit_subject_Stephen Hawking,topk_tok_obs_edit_subject_Stephen Hawking,ans_prob_obs_edit_subject_Lionel Messi,topk_tok_obs_edit_subject_Lionel Messi,ans_prob_obs_edit_subject_Microsoft,topk_tok_obs_edit_subject_Microsoft,ans_prob_obs_edit_subject_James Bond,topk_tok_obs_edit_subject_James Bond,ans_prob_obs_edit_subject_Alan Turing,topk_tok_obs_edit_subject_Alan Turing,ans_prob_obs_edit_subject_Tim Cook,topk_tok_obs_edit_subject_Tim Cook,ans_prob_obs_edit_subject_Michael Jackson,topk_tok_obs_edit_subject_Michael Jackson,ans_prob_obs_edit_subject_Chicago,topk_tok_obs_edit_subject_Chicago,ans_prob_obs_edit_subject_Robespierre,topk_tok_obs_edit_subject_Robespierre,ans_prob_obs_edit_subject_Australia,topk_tok_obs_edit_subject_Australia,ans_prob_obs_edit_subject_Arnold Schwarzenegger,topk_tok_obs_edit_subject_Arnold Schwarzenegger,ans_prob_obs_edit_subject_Ohio,topk_tok_obs_edit_subject_Ohio,ans_prob_obs_edit_subject_bird,topk_tok_obs_edit_subject_bird,ans_prob_obs_edit_subject_The University of Chicago,topk_tok_obs_edit_subject_The University of Chicago,ans_prob_obs_edit_subject_Simon Bolivar,topk_tok_obs_edit_subject_Simon Bolivar,ans_prob_obs_edit_subject_Bill Gates,topk_tok_obs_edit_subject_Bill Gates,ans_prob_obs_edit_subject_Nelson Mandela,topk_tok_obs_edit_subject_Nelson Mandela,ans_prob_obs_edit_subject_Abraham Lincoln,topk_tok_obs_edit_subject_Abraham Lincoln,ans_prob_obs_edit_subject_Texas',topk_tok_obs_edit_subject_Texas',ans_prob_obs_edit_subject_Russia,topk_tok_obs_edit_subject_Russia,ans_prob_obs_edit_subject_Steve Jobs',topk_tok_obs_edit_subject_Steve Jobs',ans_prob_obs_edit_subject_J.R.R. Tolkien,topk_tok_obs_edit_subject_J.R.R. Tolkien,ans_prob_obs_edit_subject_Argonne National Laboratory ,topk_tok_obs_edit_subject_Argonne National Laboratory ,ans_prob_obs_edit_subject_Sears Tower,topk_tok_obs_edit_subject_Sears Tower,ans_prob_obs_edit_subject_French,topk_tok_obs_edit_subject_French,ans_prob_obs_edit_subject_Cain,topk_tok_obs_edit_subject_Cain,ans_prob_obs_edit_subject_Napoleon,topk_tok_obs_edit_subject_Napoleon,ans_prob_obs_edit_subject_Quinine,topk_tok_obs_edit_subject_Quinine,ans_prob_obs_edit_subject_Hadrian,topk_tok_obs_edit_subject_Hadrian,ans_prob_obs_edit_subject_D-Day,topk_tok_obs_edit_subject_D-Day,ans_prob_obs_edit_subject_water,topk_tok_obs_edit_subject_water,ans_prob_obs_edit_subject_highest mountain,topk_tok_obs_edit_subject_highest mountain,ans_prob_obs_edit_subject_Kopi luwak,topk_tok_obs_edit_subject_Kopi luwak,ans_prob_obs_edit_subject_cat,topk_tok_obs_edit_subject_cat,ans_prob_obs_edit_subject_Defibrillation,topk_tok_obs_edit_subject_Defibrillation,ans_prob_obs_edit_subject_tsunami,topk_tok_obs_edit_subject_tsunami,ans_prob_obs_edit_subject_John F Kennedy,topk_tok_obs_edit_subject_John F Kennedy,ans_prob_obs_edit_subject_Queen,topk_tok_obs_edit_subject_Queen,ans_prob_obs_edit_subject_William Thomson,topk_tok_obs_edit_subject_William Thomson,ans_prob_obs_edit_subject_Will Smith,topk_tok_obs_edit_subject_Will Smith,ans_prob_obs_edit_subject_Katy Perry,topk_tok_obs_edit_subject_Katy Perry,ans_prob_obs_edit_subject_Ernest Gary Gygax,topk_tok_obs_edit_subject_Ernest Gary Gygax,ans_prob_obs_edit_subject_Richard Garfield,topk_tok_obs_edit_subject_Richard Garfield,ans_prob_obs_edit_subject_Emperor Vespasian,topk_tok_obs_edit_subject_Emperor Vespasian,ans_prob_obs_edit_subject_Ludwig II,topk_tok_obs_edit_subject_Ludwig II,ans_prob_obs_edit_subject_Alexander the Great,topk_tok_obs_edit_subject_Alexander the Great,ans_prob_obs_edit_subject_Steve Rogers,topk_tok_obs_edit_subject_Steve Rogers,ans_prob_obs_edit_subject_Thomas Jennings,topk_tok_obs_edit_subject_Thomas Jennings,ans_prob_obs_edit_subject_Leonardo da Vinci,topk_tok_obs_edit_subject_Leonardo da Vinci,ans_prob_obs_edit_subject_Johannes Gutenberg,topk_tok_obs_edit_subject_Johannes Gutenberg,ans_prob_obs_edit_subject_Samuel F.B. Morse,topk_tok_obs_edit_subject_Samuel F.B. Morse,ans_prob_obs_edit_subject_Thomas Alva Edison,topk_tok_obs_edit_subject_Thomas Alva Edison,ans_prob_obs_edit_subject_Nikola Tesla,topk_tok_obs_edit_subject_Nikola Tesla,ans_prob_obs_edit_subject_New York City,topk_tok_obs_edit_subject_New York City,ans_prob_obs_edit_subject_Michelle Obama,topk_tok_obs_edit_subject_Michelle Obama,ans_prob_obs_edit_subject_Florence Nightingale,topk_tok_obs_edit_subject_Florence Nightingale,ans_prob_obs_edit_subject_Hippocrates,topk_tok_obs_edit_subject_Hippocrates,ans_prob_obs_edit_subject_Albert Einstein,topk_tok_obs_edit_subject_Albert Einstein,ans_prob_obs_edit_subject_James Madison,topk_tok_obs_edit_subject_James Madison,ans_prob_obs_edit_subject_Charles Babbage,topk_tok_obs_edit_subject_Charles Babbage,ans_prob_obs_edit_subject_Galileo Galilei,topk_tok_obs_edit_subject_Galileo Galilei,ans_prob_obs_edit_subject_The Taj Mahal,topk_tok_obs_edit_subject_The Taj Mahal,ans_prob_obs_edit_subject_The Gateway Arch,topk_tok_obs_edit_subject_The Gateway Arch,ans_prob_obs_edit_subject_The Shard,topk_tok_obs_edit_subject_The Shard,ans_prob_obs_edit_subject_T. Rex,topk_tok_obs_edit_subject_T. Rex,ans_prob_obs_edit_subject_Bananas,topk_tok_obs_edit_subject_Bananas,ans_prob_obs_edit_subject_limes,topk_tok_obs_edit_subject_limes,ans_prob_obs_edit_subject_Helen Keller,topk_tok_obs_edit_subject_Helen Keller,ans_prob_obs_edit_subject_Mozart,topk_tok_obs_edit_subject_Mozart,ans_prob_obs_edit_subject_Beethoven,topk_tok_obs_edit_subject_Beethoven,ans_prob_obs_edit_subject_Hermes,topk_tok_obs_edit_subject_Hermes,ans_prob_obs_edit_subject_Thor,topk_tok_obs_edit_subject_Thor,ans_prob_obs_edit_subject_Medusa,topk_tok_obs_edit_subject_Medusa,ans_prob_obs_edit_subject_Persephone,topk_tok_obs_edit_subject_Persephone,ans_prob_obs_edit_subject_Oedipus,topk_tok_obs_edit_subject_Oedipus,ans_prob_obs_edit_subject_William Shakespeare,topk_tok_obs_edit_subject_William Shakespeare,ans_prob_obs_edit_subject_Hercules,topk_tok_obs_edit_subject_Hercules,ans_prob_obs_edit_subject_The Great Barrier Reef,topk_tok_obs_edit_subject_The Great Barrier Reef,ans_prob_obs_edit_subject_The Louvre Museum,topk_tok_obs_edit_subject_The Louvre Museum,ans_prob_obs_edit_subject_Mount Everest,topk_tok_obs_edit_subject_Mount Everest,ans_prob_obs_edit_subject_Mammoth Cave,topk_tok_obs_edit_subject_Mammoth Cave,ans_prob_obs_edit_subject_blue whale,topk_tok_obs_edit_subject_blue whale,ans_prob_obs_edit_subject_Jupiter,topk_tok_obs_edit_subject_Jupiter
0,George Washington fought in the,The first president of the United States fought in the,George Washington,The first president of the United States, Revolutionary War,0.06696479767560959,0.24717207252979279,0.05959964171051979,0,0,0,[],0,[],0,[],0,[],0,[],0,[],0,[],0,[],0,[],0,[],0,[],0,[],0,[],0,[],0,[],0,[],0,[],0,[],0,[],0,[],0,[],0,[],0,[],0,[],0,[],0,[],0,[],0,[],0,[],0,[],0,[],0,[],0,[],0,[],0,[],0,[],0,[],0,[],0,[],0,[],0,[],0,[],0,[],0,[],0,[],0,[],0,[],0,[],0,[],0,[],0,[],0,[],0,[],0,[],0,[],0,[],0,[],0,[],0,[],0,[],0,[],0,[],0,[],0,[],0,[],0,[],0,[],0,[],0,[],0,[],0,[],0,[],0,[],0,[],0,[],0,[],0,[],0,[],0,[],0,[],0,[],0,[],0,[],0,[],0,[],0,[],0,[],0,[],0,[],0,[],0,[],0,[],0,[],0,[],0,[],0,[],0,[],0,[],0,[]
1,The president lives in the,The leader of the United States lives in the,The president,The leader of the United States, White House,0.017389686778187752,0.09002377837896347,0.09395050257444382,0,0,0,[],0,[],0,[],0,[],0,[],0,[],0,[],0,[],0,[],0,[],0,[],0,[],0,[],0,[],0,[],0,[],0,[],0,[],0,[],0,[],0,[],0,[],0,[],0,[],0,[],0,[],0,[],0,[],0,[],0,[],0,[],0,[],0,[],0,[],0,[],0,[],0,[],0,[],0,[],0,[],0,[],0,[],0,[],0,[],0,[],0,[],0,[],0,[],0,[],0,[],0,[],0,[],0,[],0,[],0,[],0,[],0,[],0,[],0,[],0,[],0,[],0,[],0,[],0,[],0,[],0,[],0,[],0,[],0,[],0,[],0,[],0,[],0,[],0,[],0,[],0,[],0,[],0,[],0,[],0,[],0,[],0,[],0,[],0,[],0,[],0,[],0,[],0,[],0,[],0,[],0,[],0,[],0,[],0,[],0,[],0,[],0,[],0,[],0,[]
2,St. Peter's Basilica is in the city of,The biggest church in the world is in the city of,St. Peter's Basilica,The biggest church in the world, Rome,0.037181127816438675,0.0580805167555809,0.09612929821014404,0,0,0,[],0,[],0,[],0,[],0,[],0,[],0,[],0,[],0,[],0,[],0,[],0,[],0,[],0,[],0,[],0,[],0,[],0,[],0,[],0,[],0,[],0,[],0,[],0,[],0,[],0,[],0,[],0,[],0,[],0,[],0,[],0,[],0,[],0,[],0,[],0,[],0,[],0,[],0,[],0,[],0,[],0,[],0,[],0,[],0,[],0,[],0,[],0,[],0,[],0,[],0,[],0,[],0,[],0,[],0,[],0,[],0,[],0,[],0,[],0,[],0,[],0,[],0,[],0,[],0,[],0,[],0,[],0,[],0,[],0,[],0,[],0,[],0,[],0,[],0,[],0,[],0,[],0,[],0,[],0,[],0,[],0,[],0,[],0,[],0,[],0,[],0,[],0,[],0,[],0,[],0,[],0,[],0,[],0,[],0,[],0,[],0,[],0,[],0,[]
3,Jesus died on the,The son of God died on the,Jesus,The son of God, cross,0.11867384612560272,0.5816783308982849,0.3430817723274231,0,0,0,[],0,[],0,[],0,[],0,[],0,[],0,[],0,[],0,[],0,[],0,[],0,[],0,[],0,[],0,[],0,[],0,[],0,[],0,[],0,[],0,[],0,[],0,[],0,[],0,[],0,[],0,[],0,[],0,[],0,[],0,[],0,[],0,[],0,[],0,[],0,[],0,[],0,[],0,[],0,[],0,[],0,[],0,[],0,[],0,[],0,[],0,[],0,[],0,[],0,[],0,[],0,[],0,[],0,[],0,[],0,[],0,[],0,[],0,[],0,[],0,[],0,[],0,[],0,[],0,[],0,[],0,[],0,[],0,[],0,[],0,[],0,[],0,[],0,[],0,[],0,[],0,[],0,[],0,[],0,[],0,[],0,[],0,[],0,[],0,[],0,[],0,[],0,[],0,[],0,[],0,[],0,[],0,[],0,[],0,[],0,[],0,[],0,[],0,[]
4,Elephants are the largest land mammal on,Animals with long trunks are the largest land mammal on,Elephants,Animals with long trunks, Earth,0.4732052683830261,0.5020720958709717,0.31045737862586975,0,0,0,[],0,[],0,[],0,[],0,[],0,[],0,[],0,[],0,[],0,[],0,[],0,[],0,[],0,[],0,[],0,[],0,[],0,[],0,[],0,[],0,[],0,[],0,[],0,[],0,[],0,[],0,[],0,[],0,[],0,[],0,[],0,[],0,[],0,[],0,[],0,[],0,[],0,[],0,[],0,[],0,[],0,[],0,[],0,[],0,[],0,[],0,[],0,[],0,[],0,[],0,[],0,[],0,[],0,[],0,[],0,[],0,[],0,[],0,[],0,[],0,[],0,[],0,[],0,[],0,[],0,[],0,[],0,[],0,[],0,[],0,[],0,[],0,[],0,[],0,[],0,[],0,[],0,[],0,[],0,[],0,[],0,[],0,[],0,[],0,[],0,[],0,[],0,[],0,[],0,[],0,[],0,[],0,[],0,[],0,[],0,[],0,[],0,[],0,[]
5,Barack Obama was a member of the,The first black president of the United States was a member of the,Barack Obama,The first black president of the United States, Senate,0.01390085555613041,0.0593440979719162,0.013523434288799763,0,0,0,[],0,[],0,[],0,[],0,[],0,[],0,[],0,[],0,[],0,[],0,[],0,[],0,[],0,[],0,[],0,[],0,[],0,[],0,[],0,[],0,[],0,[],0,[],0,[],0,[],0,[],0,[],0,[],0,[],0,[],0,[],0,[],0,[],0,[],0,[],0,[],0,[],0,[],0,[],0,[],0,[],0,[],0,[],0,[],0,[],0,[],0,[],0,[],0,[],0,[],0,[],0,[],0,[],0,[],0,[],0,[],0,[],0,[],0,[],0,[],0,[],0,[],0,[],0,[],0,[],0,[],0,[],0,[],0,[],0,[],0,[],0,[],0,[],0,[],0,[],0,[],0,[],0,[],0,[],0,[],0,[],0,[],0,[],0,[],0,[],0,[],0,[],0,[],0,[],0,[],0,[],0,[],0,[],0,[],0,[],0,[],0,[],0,[],0,[]
6,Burj Khalifa is located in the city of,The tallest building in the world is located in the city of,Burj Khalifa,The tallest building in the world, Dubai,0.006768432911485434,0.10881438106298447,0.04459545016288757,0,0,0,[],0,[],0,[],0,[],0,[],0,[],0,[],0,[],0,[],0,[],0,[],0,[],0,[],0,[],0,[],0,[],0,[],0,[],0,[],0,[],0,[],0,[],0,[],0,[],0,[],0,[],0,[],0,[],0,[],0,[],0,[],0,[],0,[],0,[],0,[],0,[],0,[],0,[],0,[],0,[],0,[],0,[],0,[],0,[],0,[],0,[],0,[],0,[],0,[],0,[],0,[],0,[],0,[],0,[],0,[],0,[],0,[],0,[],0,[],0,[],0,[],0,[],0,[],0,[],0,[],0,[],0,[],0,[],0,[],0,[],0,[],0,[],0,[],0,[],0,[],0,[],0,[],0,[],0,[],0,[],0,[],0,[],0,[],0,[],0,[],0,[],0,[],0,[],0,[],0,[],0,[],0,[],0,[],0,[],0,[],0,[],0,[],0,[],0,[]
7,Mesopotamian civilization originated in the modern-day country of,The oldest civilization originated in the modern-day country of,Mesopotamian civilization,The oldest civilization, Iraq,0.006737988442182541,0.04077152907848358,0.007738164160400629,0,0,0,[],0,[],0,[],0,[],0,[],0,[],0,[],0,[],0,[],0,[],0,[],0,[],0,[],0,[],0,[],0,[],0,[],0,[],0,[],0,[],0,[],0,[],0,[],0,[],0,[],0,[],0,[],0,[],0,[],0,[],0,[],0,[],0,[],0,[],0,[],0,[],0,[],0,[],0,[],0,[],0,[],0,[],0,[],0,[],0,[],0,[],0,[],0,[],0,[],0,[],0,[],0,[],0,[],0,[],0,[],0,[],0,[],0,[],0,[],0,[],0,[],0,[],0,[],0,[],0,[],0,[],0,[],0,[],0,[],0,[],0,[],0,[],0,[],0,[],0,[],0,[],0,[],0,[],0,[],0,[],0,[],0,[],0,[],0,[],0,[],0,[],0,[],0,[],0,[],0,[],0,[],0,[],0,[],0,[],0,[],0,[],0,[],0,[],0,[]
8,Martin Luther King Jr. delivered the speech during the March on Washington in 1963 widely known as I Had A,The famous Pastor and Civil Rights leader delivered the speech during the March on Washington in 1963 widely known as I Had A,Martin Luther King Jr.,The famous Pastor and Civil Rights leader, Dream,0.2726961076259613,0.6805456876754761,0.017563628032803535,0,0,0,[],0,[],0,[],0,[],0,[],0,[],0,[],0,[],0,[],0,[],0,[],0,[],0,[],0,[],0,[],0,[],0,[],0,[],0,[],0,[],0,[],0,[],0,[],0,[],0,[],0,[],0,[],0,[],0,[],0,[],0,[],0,[],0,[],0,[],0,[],0,[],0,[],0,[],0,[],0,[],0,[],0,[],0,[],0,[],0,[],0,[],0,[],0,[],0,[],0,[],0,[],0,[],0,[],0,[],0,[],0,[],0,[],0,[],0,[],0,[],0,[],0,[],0,[],0,[],0,[],0,[],0,[],0,[],0,[],0,[],0,[],0,[],0,[],0,[],0,[],0,[],0,[],0,[],0,[],0,[],0,[],0,[],0,[],0,[],0,[],0,[],0,[],0,[],0,[],0,[],0,[],0,[],0,[],0,[],0,[],0,[],0,[],0,[],0,[]
9,The sperm whale dives deep into the ocean to hunt giant,The largest toothed whale dives deep into the ocean to hunt giant,The sperm whale,The largest toothed whale, squid,0.12079184502363205,0.18591824173927307,0.03680836409330368,0,0,0,[],0,[],0,[],0,[],0,[],0,[],0,[],0,[],0,[],0,[],0,[],0,[],0,[],0,[],0,[],0,[],0,[],0,[],0,[],0,[],0,[],0,[],0,[],0,[],0,[],0,[],0,[],0,[],0,[],0,[],0,[],0,[],0,[],0,[],0,[],0,[],0,[],0,[],0,[],0,[],0,[],0,[],0,[],0,[],0,[],0,[],0,[],0,[],0,[],0,[],0,[],0,[],0,[],0,[],0,[],0,[],0,[],0,[],0,[],0,[],0,[],0,[],0,[],0,[],0,[],0,[],0,[],0,[],0,[],0,[],0,[],0,[],0,[],0,[],0,[],0,[],0,[],0,[],0,[],0,[],0,[],0,[],0,[],0,[],0,[],0,[],0,[],0,[],0,[],0,[],0,[],0,[],0,[],0,[],0,[],0,[],0,[],0,[],0,[]
10,The surface of the Earth is mostly covered in,The surface of the densest planet in the Solar System is mostly covered in,The surface of the Earth,The surface of the densest planet in the Solar System, water,0.04139694944024086,0.04011978209018707,0.08347005397081375,0,0,0,[],0,[],0,[],0,[],0,[],0,[],0,[],0,[],0,[],0,[],0,[],0,[],0,[],0,[],0,[],0,[],0,[],0,[],0,[],0,[],0,[],0,[],0,[],0,[],0,[],0,[],0,[],0,[],0,[],0,[],0,[],0,[],0,[],0,[],0,[],0,[],0,[],0,[],0,[],0,[],0,[],0,[],0,[],0,[],0,[],0,[],0,[],0,[],0,[],0,[],0,[],0,[],0,[],0,[],0,[],0,[],0,[],0,[],0,[],0,[],0,[],0,[],0,[],0,[],0,[],0,[],0,[],0,[],0,[],0,[],0,[],0,[],0,[],0,[],0,[],0,[],0,[],0,[],0,[],0,[],0,[],0,[],0,[],0,[],0,[],0,[],0,[],0,[],0,[],0,[],0,[],0,[],0,[],0,[],0,[],0,[],0,[],0,[],0,[]
11,Columbus' expedition led to the,The first spanish explorer to land in the Americas' expedition led to the,Columbus' expedition,The first spanish explorer to land in the Americas' expedition, discovery,0.44258442521095276,0.6101890206336975,0.614112138748169,0,0,0,[],0,[],0,[],0,[],0,[],0,[],0,[],0,[],0,[],0,[],0,[],0,[],0,[],0,[],0,[],0,[],0,[],0,[],0,[],0,[],0,[],0,[],0,[],0,[],0,[],0,[],0,[],0,[],0,[],0,[],0,[],0,[],0,[],0,[],0,[],0,[],0,[],0,[],0,[],0,[],0,[],0,[],0,[],0,[],0,[],0,[],0,[],0,[],0,[],0,[],0,[],0,[],0,[],0,[],0,[],0,[],0,[],0,[],0,[],0,[],0,[],0,[],0,[],0,[],0,[],0,[],0,[],0,[],0,[],0,[],0,[],0,[],0,[],0,[],0,[],0,[],0,[],0,[],0,[],0,[],0,[],0,[],0,[],0,[],0,[],0,[],0,[],0,[],0,[],0,[],0,[],0,[],0,[],0,[],0,[],0,[],0,[],0,[],0,[]
12,Royce Gracie was born in the country of,The first champion of the UFC was born in the country of,Royce Gracie,The first champion of the UFC, Brazil,0.04642590507864952,0.12126746773719788,0.041083723306655884,0,0,0,[],0,[],0,[],0,[],0,[],0,[],0,[],0,[],0,[],0,[],0,[],0,[],0,[],0,[],0,[],0,[],0,[],0,[],0,[],0,[],0,[],0,[],0,[],0,[],0,[],0,[],0,[],0,[],0,[],0,[],0,[],0,[],0,[],0,[],0,[],0,[],0,[],0,[],0,[],0,[],0,[],0,[],0,[],0,[],0,[],0,[],0,[],0,[],0,[],0,[],0,[],0,[],0,[],0,[],0,[],0,[],0,[],0,[],0,[],0,[],0,[],0,[],0,[],0,[],0,[],0,[],0,[],0,[],0,[],0,[],0,[],0,[],0,[],0,[],0,[],0,[],0,[],0,[],0,[],0,[],0,[],0,[],0,[],0,[],0,[],0,[],0,[],0,[],0,[],0,[],0,[],0,[],0,[],0,[],0,[],0,[],0,[],0,[],0,[]
13,Enzo Ferrari was a lover of the sport of,Henry Ford's competitor was a lover of the sport of,Enzo Ferrari,Henry Ford's competitor, racing,0.05260781943798065,0.10863780230283737,0.04009539261460304,0,0,0,[],0,[],0,[],0,[],0,[],0,[],0,[],0,[],0,[],0,[],0,[],0,[],0,[],0,[],0,[],0,[],0,[],0,[],0,[],0,[],0,[],0,[],0,[],0,[],0,[],0,[],0,[],0,[],0,[],0,[],0,[],0,[],0,[],0,[],0,[],0,[],0,[],0,[],0,[],0,[],0,[],0,[],0,[],0,[],0,[],0,[],0,[],0,[],0,[],0,[],0,[],0,[],0,[],0,[],0,[],0,[],0,[],0,[],0,[],0,[],0,[],0,[],0,[],0,[],0,[],0,[],0,[],0,[],0,[],0,[],0,[],0,[],0,[],0,[],0,[],0,[],0,[],0,[],0,[],0,[],0,[],0,[],0,[],0,[],0,[],0,[],0,[],0,[],0,[],0,[],0,[],0,[],0,[],0,[],0,[],0,[],0,[],0,[],0,[]
14,California is the most,The bear flag state is the most,California,The bear flag state, populous,0.007380506955087185,0.3760662376880646,0.016329508274793625,0,0,0,[],0,[],0,[],0,[],0,[],0,[],0,[],0,[],0,[],0,[],0,[],0,[],0,[],0,[],0,[],0,[],0,[],0,[],0,[],0,[],0,[],0,[],0,[],0,[],0,[],0,[],0,[],0,[],0,[],0,[],0,[],0,[],0,[],0,[],0,[],0,[],0,[],0,[],0,[],0,[],0,[],0,[],0,[],0,[],0,[],0,[],0,[],0,[],0,[],0,[],0,[],0,[],0,[],0,[],0,[],0,[],0,[],0,[],0,[],0,[],0,[],0,[],0,[],0,[],0,[],0,[],0,[],0,[],0,[],0,[],0,[],0,[],0,[],0,[],0,[],0,[],0,[],0,[],0,[],0,[],0,[],0,[],0,[],0,[],0,[],0,[],0,[],0,[],0,[],0,[],0,[],0,[],0,[],0,[],0,[],0,[],0,[],0,[],0,[]
15,California is the most,The golden bear state is the most,California,The golden bear state, populous,0.057382795959711075,0.3760662376880646,0.09152349084615707,0,0,0,[],0,[],0,[],0,[],0,[],0,[],0,[],0,[],0,[],0,[],0,[],0,[],0,[],0,[],0,[],0,[],0,[],0,[],0,[],0,[],0,[],0,[],0,[],0,[],0,[],0,[],0,[],0,[],0,[],0,[],0,[],0,[],0,[],0,[],0,[],0,[],0,[],0,[],0,[],0,[],0,[],0,[],0,[],0,[],0,[],0,[],0,[],0,[],0,[],0,[],0,[],0,[],0,[],0,[],0,[],0,[],0,[],0,[],0,[],0,[],0,[],0,[],0,[],0,[],0,[],0,[],0,[],0,[],0,[],0,[],0,[],0,[],0,[],0,[],0,[],0,[],0,[],0,[],0,[],0,[],0,[],0,[],0,[],0,[],0,[],0,[],0,[],0,[],0,[],0,[],0,[],0,[],0,[],0,[],0,[],0,[],0,[],0,[],0,[]
16,Hillary Clinton was a candidate for,Bill Clinton's wife was a candidate for,Hillary Clinton,Bill Clinton's wife, president,0.3325318694114685,0.5110219717025757,0.308973491191864,0,0,0,[],0,[],0,[],0,[],0,[],0,[],0,[],0,[],0,[],0,[],0,[],0,[],0,[],0,[],0,[],0,[],0,[],0,[],0,[],0,[],0,[],0,[],0,[],0,[],0,[],0,[],0,[],0,[],0,[],0,[],0,[],0,[],0,[],0,[],0,[],0,[],0,[],0,[],0,[],0,[],0,[],0,[],0,[],0,[],0,[],0,[],0,[],0,[],0,[],0,[],0,[],0,[],0,[],0,[],0,[],0,[],0,[],0,[],0,[],0,[],0,[],0,[],0,[],0,[],0,[],0,[],0,[],0,[],0,[],0,[],0,[],0,[],0,[],0,[],0,[],0,[],0,[],0,[],0,[],0,[],0,[],0,[],0,[],0,[],0,[],0,[],0,[],0,[],0,[],0,[],0,[],0,[],0,[],0,[],0,[],0,[],0,[],0,[],0,[]
17,Stephen Hawking worked in the field of,The man who coined the term Hawking Radiation worked in the field of,Stephen Hawking,The man who coined the term Hawking Radiation, quantum,0.06401980668306351,0.19974949955940247,0.1094367727637291,0,0,0,[],0,[],0,[],0,[],0,[],0,[],0,[],0,[],0,[],0,[],0,[],0,[],0,[],0,[],0,[],0,[],0,[],0,[],0,[],0,[],0,[],0,[],0,[],0,[],0,[],0,[],0,[],0,[],0,[],0,[],0,[],0,[],0,[],0,[],0,[],0,[],0,[],0,[],0,[],0,[],0,[],0,[],0,[],0,[],0,[],0,[],0,[],0,[],0,[],0,[],0,[],0,[],0,[],0,[],0,[],0,[],0,[],0,[],0,[],0,[],0,[],0,[],0,[],0,[],0,[],0,[],0,[],0,[],0,[],0,[],0,[],0,[],0,[],0,[],0,[],0,[],0,[],0,[],0,[],0,[],0,[],0,[],0,[],0,[],0,[],0,[],0,[],0,[],0,[],0,[],0,[],0,[],0,[],0,[],0,[],0,[],0,[],0,[],0,[]
18,Lionel Messi is a champion in the game of,The Argentine forward for Barcelona is a champion in the game of,Lionel Messi,The Argentine forward for Barcelona, football,0.3617265522480011,0.574815571308136,0.2671971917152405,0,0,0,[],0,[],0,[],0,[],0,[],0,[],0,[],0,[],0,[],0,[],0,[],0,[],0,[],0,[],0,[],0,[],0,[],0,[],0,[],0,[],0,[],0,[],0,[],0,[],0,[],0,[],0,[],0,[],0,[],0,[],0,[],0,[],0,[],0,[],0,[],0,[],0,[],0,[],0,[],0,[],0,[],0,[],0,[],0,[],0,[],0,[],0,[],0,[],0,[],0,[],0,[],0,[],0,[],0,[],0,[],0,[],0,[],0,[],0,[],0,[],0,[],0,[],0,[],0,[],0,[],0,[],0,[],0,[],0,[],0,[],0,[],0,[],0,[],0,[],0,[],0,[],0,[],0,[],0,[],0,[],0,[],0,[],0,[],0,[],0,[],0,[],0,[],0,[],0,[],0,[],0,[],0,[],0,[],0,[],0,[],0,[],0,[],0,[],0,[]
19,Microsoft created the operating system for,Bill Gates' company created the operating system for,Microsoft,Bill Gates' company, Windows,0.06866392493247986,0.33029183745384216,0.1198611930012703,0,0,0,[],0,[],0,[],0,[],0,[],0,[],0,[],0,[],0,[],0,[],0,[],0,[],0,[],0,[],0,[],0,[],0,[],0,[],0,[],0,[],0,[],0,[],0,[],0,[],0,[],0,[],0,[],0,[],0,[],0,[],0,[],0,[],0,[],0,[],0,[],0,[],0,[],0,[],0,[],0,[],0,[],0,[],0,[],0,[],0,[],0,[],0,[],0,[],0,[],0,[],0,[],0,[],0,[],0,[],0,[],0,[],0,[],0,[],0,[],0,[],0,[],0,[],0,[],0,[],0,[],0,[],0,[],0,[],0,[],0,[],0,[],0,[],0,[],0,[],0,[],0,[],0,[],0,[],0,[],0,[],0,[],0,[],0,[],0,[],0,[],0,[],0,[],0,[],0,[],0,[],0,[],0,[],0,[],0,[],0,[],0,[],0,[],0,[],0,[]
20,James Bond works for the,Agent 007 works for the,James Bond,Agent 007, British,0.002932910108938813,0.14712874591350555,0.008018072694540024,0,0,0,[],0,[],0,[],0,[],0,[],0,[],0,[],0,[],0,[],0,[],0,[],0,[],0,[],0,[],0,[],0,[],0,[],0,[],0,[],0,[],0,[],0,[],0,[],0,[],0,[],0,[],0,[],0,[],0,[],0,[],0,[],0,[],0,[],0,[],0,[],0,[],0,[],0,[],0,[],0,[],0,[],0,[],0,[],0,[],0,[],0,[],0,[],0,[],0,[],0,[],0,[],0,[],0,[],0,[],0,[],0,[],0,[],0,[],0,[],0,[],0,[],0,[],0,[],0,[],0,[],0,[],0,[],0,[],0,[],0,[],0,[],0,[],0,[],0,[],0,[],0,[],0,[],0,[],0,[],0,[],0,[],0,[],0,[],0,[],0,[],0,[],0,[],0,[],0,[],0,[],0,[],0,[],0,[],0,[],0,[],0,[],0,[],0,[],0,[]
21,Alan Turing devised a way to break the ciphers made from the machine called the,The father of computer science devised a way to break the ciphers made from the machine called the,Alan Turing,The father of computer science, enigma,0.0002204487973358482,0.00038516399217769504,8.11458539828891e-06,0,0,0,[],0,[],0,[],0,[],0,[],0,[],0,[],0,[],0,[],0,[],0,[],0,[],0,[],0,[],0,[],0,[],0,[],0,[],0,[],0,[],0,[],0,[],0,[],0,[],0,[],0,[],0,[],0,[],0,[],0,[],0,[],0,[],0,[],0,[],0,[],0,[],0,[],0,[],0,[],0,[],0,[],0,[],0,[],0,[],0,[],0,[],0,[],0,[],0,[],0,[],0,[],0,[],0,[],0,[],0,[],0,[],0,[],0,[],0,[],0,[],0,[],0,[],0,[],0,[],0,[],0,[],0,[],0,[],0,[],0,[],0,[],0,[],0,[],0,[],0,[],0,[],0,[],0,[],0,[],0,[],0,[],0,[],0,[],0,[],0,[],0,[],0,[],0,[],0,[],0,[],0,[],0,[],0,[],0,[],0,[],0,[],0,[],0,[],0,[]
22,Tim Cook was the CEO of Apple that oversaw the introduction of the Apple,Steve Jobs' successor oversaw the introduction of the Apple,Tim Cook,Steve Jobs' successor, Watch,0.4047665596008301,0.8249043226242065,0.6340162754058838,0,0,0,[],0,[],0,[],0,[],0,[],0,[],0,[],0,[],0,[],0,[],0,[],0,[],0,[],0,[],0,[],0,[],0,[],0,[],0,[],0,[],0,[],0,[],0,[],0,[],0,[],0,[],0,[],0,[],0,[],0,[],0,[],0,[],0,[],0,[],0,[],0,[],0,[],0,[],0,[],0,[],0,[],0,[],0,[],0,[],0,[],0,[],0,[],0,[],0,[],0,[],0,[],0,[],0,[],0,[],0,[],0,[],0,[],0,[],0,[],0,[],0,[],0,[],0,[],0,[],0,[],0,[],0,[],0,[],0,[],0,[],0,[],0,[],0,[],0,[],0,[],0,[],0,[],0,[],0,[],0,[],0,[],0,[],0,[],0,[],0,[],0,[],0,[],0,[],0,[],0,[],0,[],0,[],0,[],0,[],0,[],0,[],0,[],0,[],0,[]
23,Michael Jackson released the best-selling album of all time which is named,The King of Pop released the best-selling album of all time which is named,Michael Jackson,The King of Pop's, Thriller,0.00017673576076049358,0.00024148427473846823,0.0002144270110875368,0,0,0,[],0,[],0,[],0,[],0,[],0,[],0,[],0,[],0,[],0,[],0,[],0,[],0,[],0,[],0,[],0,[],0,[],0,[],0,[],0,[],0,[],0,[],0,[],0,[],0,[],0,[],0,[],0,[],0,[],0,[],0,[],0,[],0,[],0,[],0,[],0,[],0,[],0,[],0,[],0,[],0,[],0,[],0,[],0,[],0,[],0,[],0,[],0,[],0,[],0,[],0,[],0,[],0,[],0,[],0,[],0,[],0,[],0,[],0,[],0,[],0,[],0,[],0,[],0,[],0,[],0,[],0,[],0,[],0,[],0,[],0,[],0,[],0,[],0,[],0,[],0,[],0,[],0,[],0,[],0,[],0,[],0,[],0,[],0,[],0,[],0,[],0,[],0,[],0,[],0,[],0,[],0,[],0,[],0,[],0,[],0,[],0,[],0,[],0,[]
24,Chicago is the where the World's Columbian Exposition took place in the year of,The Windy City is where the World's Columbian Exposition took place in the year of,Chicago,The Windy City, 1893,0.019445126876235008,0.02209140919148922,0.04617113247513771,0,0,0,[],0,[],0,[],0,[],0,[],0,[],0,[],0,[],0,[],0,[],0,[],0,[],0,[],0,[],0,[],0,[],0,[],0,[],0,[],0,[],0,[],0,[],0,[],0,[],0,[],0,[],0,[],0,[],0,[],0,[],0,[],0,[],0,[],0,[],0,[],0,[],0,[],0,[],0,[],0,[],0,[],0,[],0,[],0,[],0,[],0,[],0,[],0,[],0,[],0,[],0,[],0,[],0,[],0,[],0,[],0,[],0,[],0,[],0,[],0,[],0,[],0,[],0,[],0,[],0,[],0,[],0,[],0,[],0,[],0,[],0,[],0,[],0,[],0,[],0,[],0,[],0,[],0,[],0,[],0,[],0,[],0,[],0,[],0,[],0,[],0,[],0,[],0,[],0,[],0,[],0,[],0,[],0,[],0,[],0,[],0,[],0,[],0,[],0,[]
25,Robespierre executed many of his ideological opponents during the,The architect of the reign of terror executed many of his ideological opponents during the,Robespierre,The architect of the reign of terror, French Revolution,0.005602484103292227,0.0402771458029747,0.005533609539270401,0,0,0,[],0,[],0,[],0,[],0,[],0,[],0,[],0,[],0,[],0,[],0,[],0,[],0,[],0,[],0,[],0,[],0,[],0,[],0,[],0,[],0,[],0,[],0,[],0,[],0,[],0,[],0,[],0,[],0,[],0,[],0,[],0,[],0,[],0,[],0,[],0,[],0,[],0,[],0,[],0,[],0,[],0,[],0,[],0,[],0,[],0,[],0,[],0,[],0,[],0,[],0,[],0,[],0,[],0,[],0,[],0,[],0,[],0,[],0,[],0,[],0,[],0,[],0,[],0,[],0,[],0,[],0,[],0,[],0,[],0,[],0,[],0,[],0,[],0,[],0,[],0,[],0,[],0,[],0,[],0,[],0,[],0,[],0,[],0,[],0,[],0,[],0,[],0,[],0,[],0,[],0,[],0,[],0,[],0,[],0,[],0,[],0,[],0,[],0,[]
26,Australia has a jumping marsupial animal called a,The big country near New Zealand has a jumping marsupial animal called a,Australia,The big country near New Zealand, Kangaroo,0.0004494567692745477,0.000654755684081465,0.0007598582888022065,0,0,0,[],0,[],0,[],0,[],0,[],0,[],0,[],0,[],0,[],0,[],0,[],0,[],0,[],0,[],0,[],0,[],0,[],0,[],0,[],0,[],0,[],0,[],0,[],0,[],0,[],0,[],0,[],0,[],0,[],0,[],0,[],0,[],0,[],0,[],0,[],0,[],0,[],0,[],0,[],0,[],0,[],0,[],0,[],0,[],0,[],0,[],0,[],0,[],0,[],0,[],0,[],0,[],0,[],0,[],0,[],0,[],0,[],0,[],0,[],0,[],0,[],0,[],0,[],0,[],0,[],0,[],0,[],0,[],0,[],0,[],0,[],0,[],0,[],0,[],0,[],0,[],0,[],0,[],0,[],0,[],0,[],0,[],0,[],0,[],0,[],0,[],0,[],0,[],0,[],0,[],0,[],0,[],0,[],0,[],0,[],0,[],0,[],0,[],0,[]
27,Arnold Schwarzenegger was born in the country of,The bodybuilding governor of California was born in the country of,Arnold Schwarzenegger,The bodybuilding governor of California, Austria,0.003617636626586318,0.02686348371207714,0.0021423546131700277,0,0,0,[],0,[],0,[],0,[],0,[],0,[],0,[],0,[],0,[],0,[],0,[],0,[],0,[],0,[],0,[],0,[],0,[],0,[],0,[],0,[],0,[],0,[],0,[],0,[],0,[],0,[],0,[],0,[],0,[],0,[],0,[],0,[],0,[],0,[],0,[],0,[],0,[],0,[],0,[],0,[],0,[],0,[],0,[],0,[],0,[],0,[],0,[],0,[],0,[],0,[],0,[],0,[],0,[],0,[],0,[],0,[],0,[],0,[],0,[],0,[],0,[],0,[],0,[],0,[],0,[],0,[],0,[],0,[],0,[],0,[],0,[],0,[],0,[],0,[],0,[],0,[],0,[],0,[],0,[],0,[],0,[],0,[],0,[],0,[],0,[],0,[],0,[],0,[],0,[],0,[],0,[],0,[],0,[],0,[],0,[],0,[],0,[],0,[],0,[]
28,The largest university in Ohio is called The,The largest university in the Buckeye State is called The,Ohio,The Buckeye State, Ohio State University,0.11376743018627167,0.32336607575416565,0.4812870919704437,0,0,0,[],0,[],0,[],0,[],0,[],0,[],0,[],0,[],0,[],0,[],0,[],0,[],0,[],0,[],0,[],0,[],0,[],0,[],0,[],0,[],0,[],0,[],0,[],0,[],0,[],0,[],0,[],0,[],0,[],0,[],0,[],0,[],0,[],0,[],0,[],0,[],0,[],0,[],0,[],0,[],0,[],0,[],0,[],0,[],0,[],0,[],0,[],0,[],0,[],0,[],0,[],0,[],0,[],0,[],0,[],0,[],0,[],0,[],0,[],0,[],0,[],0,[],0,[],0,[],0,[],0,[],0,[],0,[],0,[],0,[],0,[],0,[],0,[],0,[],0,[],0,[],0,[],0,[],0,[],0,[],0,[],0,[],0,[],0,[],0,[],0,[],0,[],0,[],0,[],0,[],0,[],0,[],0,[],0,[],0,[],0,[],0,[],0,[],0,[]
29,"Canadians call their $1 coin a ""loonie"" because this type of bird appears on it","Canadians call their $1 coin a ""loonie"" because this type of winged animal appears on it",bird,winged animal, Common Loon,8.159574349519971e-07,1.5967772242220235e-06,1.42609076192457e-06,0,0,0,[],0,[],0,[],0,[],0,[],0,[],0,[],0,[],0,[],0,[],0,[],0,[],0,[],0,[],0,[],0,[],0,[],0,[],0,[],0,[],0,[],0,[],0,[],0,[],0,[],0,[],0,[],0,[],0,[],0,[],0,[],0,[],0,[],0,[],0,[],0,[],0,[],0,[],0,[],0,[],0,[],0,[],0,[],0,[],0,[],0,[],0,[],0,[],0,[],0,[],0,[],0,[],0,[],0,[],0,[],0,[],0,[],0,[],0,[],0,[],0,[],0,[],0,[],0,[],0,[],0,[],0,[],0,[],0,[],0,[],0,[],0,[],0,[],0,[],0,[],0,[],0,[],0,[],0,[],0,[],0,[],0,[],0,[],0,[],0,[],0,[],0,[],0,[],0,[],0,[],0,[],0,[],0,[],0,[],0,[],0,[],0,[],0,[],0,[]
30,The University of Chicago is located in Chicago neighborhood of,The university with the most Nobel Prizes is located in the Chicago neighborhood of,The University of Chicago,The university with the most Nobel Prizes, Hyde Park,0.008427012711763382,0.016007818281650543,0.0018502339953556657,0,0,0,[],0,[],0,[],0,[],0,[],0,[],0,[],0,[],0,[],0,[],0,[],0,[],0,[],0,[],0,[],0,[],0,[],0,[],0,[],0,[],0,[],0,[],0,[],0,[],0,[],0,[],0,[],0,[],0,[],0,[],0,[],0,[],0,[],0,[],0,[],0,[],0,[],0,[],0,[],0,[],0,[],0,[],0,[],0,[],0,[],0,[],0,[],0,[],0,[],0,[],0,[],0,[],0,[],0,[],0,[],0,[],0,[],0,[],0,[],0,[],0,[],0,[],0,[],0,[],0,[],0,[],0,[],0,[],0,[],0,[],0,[],0,[],0,[],0,[],0,[],0,[],0,[],0,[],0,[],0,[],0,[],0,[],0,[],0,[],0,[],0,[],0,[],0,[],0,[],0,[],0,[],0,[],0,[],0,[],0,[],0,[],0,[],0,[],0,[]
31,"Después de las guerras de independencia hispanoamericanas, Simón Bolívar estableció la nación de la","Después de las guerras de independencia hispanoamericanas, el libertador estableció la nación de la",Simon Bolivar,el libertador, Gran Colombia,0.00022567459382116795,0.00041000143392011523,0.00029612757498398423,0,0,0,[],0,[],0,[],0,[],0,[],0,[],0,[],0,[],0,[],0,[],0,[],0,[],0,[],0,[],0,[],0,[],0,[],0,[],0,[],0,[],0,[],0,[],0,[],0,[],0,[],0,[],0,[],0,[],0,[],0,[],0,[],0,[],0,[],0,[],0,[],0,[],0,[],0,[],0,[],0,[],0,[],0,[],0,[],0,[],0,[],0,[],0,[],0,[],0,[],0,[],0,[],0,[],0,[],0,[],0,[],0,[],0,[],0,[],0,[],0,[],0,[],0,[],0,[],0,[],0,[],0,[],0,[],0,[],0,[],0,[],0,[],0,[],0,[],0,[],0,[],0,[],0,[],0,[],0,[],0,[],0,[],0,[],0,[],0,[],0,[],0,[],0,[],0,[],0,[],0,[],0,[],0,[],0,[],0,[],0,[],0,[],0,[],0,[],0,[]
32,Bill Gates was born in the city of,The founder of Microsoft was born in the city of,Bill Gates,The founder of Microsoft, Seattle,0.015488076023757458,0.01997370645403862,0.024360977113246918,0,0,0,[],0,[],0,[],0,[],0,[],0,[],0,[],0,[],0,[],0,[],0,[],0,[],0,[],0,[],0,[],0,[],0,[],0,[],0,[],0,[],0,[],0,[],0,[],0,[],0,[],0,[],0,[],0,[],0,[],0,[],0,[],0,[],0,[],0,[],0,[],0,[],0,[],0,[],0,[],0,[],0,[],0,[],0,[],0,[],0,[],0,[],0,[],0,[],0,[],0,[],0,[],0,[],0,[],0,[],0,[],0,[],0,[],0,[],0,[],0,[],0,[],0,[],0,[],0,[],0,[],0,[],0,[],0,[],0,[],0,[],0,[],0,[],0,[],0,[],0,[],0,[],0,[],0,[],0,[],0,[],0,[],0,[],0,[],0,[],0,[],0,[],0,[],0,[],0,[],0,[],0,[],0,[],0,[],0,[],0,[],0,[],0,[],0,[],0,[]
33,Nelson Mandela brought an end to,The first president of South Africa brought an end to,Nelson Mandela,The first president of South Africa, Apartheid,0.0006356859230436385,0.0005848568980582058,0.0005531697534024715,0,0,0,[],0,[],0,[],0,[],0,[],0,[],0,[],0,[],0,[],0,[],0,[],0,[],0,[],0,[],0,[],0,[],0,[],0,[],0,[],0,[],0,[],0,[],0,[],0,[],0,[],0,[],0,[],0,[],0,[],0,[],0,[],0,[],0,[],0,[],0,[],0,[],0,[],0,[],0,[],0,[],0,[],0,[],0,[],0,[],0,[],0,[],0,[],0,[],0,[],0,[],0,[],0,[],0,[],0,[],0,[],0,[],0,[],0,[],0,[],0,[],0,[],0,[],0,[],0,[],0,[],0,[],0,[],0,[],0,[],0,[],0,[],0,[],0,[],0,[],0,[],0,[],0,[],0,[],0,[],0,[],0,[],0,[],0,[],0,[],0,[],0,[],0,[],0,[],0,[],0,[],0,[],0,[],0,[],0,[],0,[],0,[],0,[],0,[],0,[]
34,Abraham Lincoln issued an executive order famously known as the,The 16th president of the United States issued an executive order famously known as the,Abraham Lincoln,The 16th president of the United States, Emancipation Proclamation,0.0008447591681033373,0.004806145094335079,0.0002816235937643796,0,0,0,[],0,[],0,[],0,[],0,[],0,[],0,[],0,[],0,[],0,[],0,[],0,[],0,[],0,[],0,[],0,[],0,[],0,[],0,[],0,[],0,[],0,[],0,[],0,[],0,[],0,[],0,[],0,[],0,[],0,[],0,[],0,[],0,[],0,[],0,[],0,[],0,[],0,[],0,[],0,[],0,[],0,[],0,[],0,[],0,[],0,[],0,[],0,[],0,[],0,[],0,[],0,[],0,[],0,[],0,[],0,[],0,[],0,[],0,[],0,[],0,[],0,[],0,[],0,[],0,[],0,[],0,[],0,[],0,[],0,[],0,[],0,[],0,[],0,[],0,[],0,[],0,[],0,[],0,[],0,[],0,[],0,[],0,[],0,[],0,[],0,[],0,[],0,[],0,[],0,[],0,[],0,[],0,[],0,[],0,[],0,[],0,[],0,[],0,[]
35,The name of Texas' dominating political party is,The name of the Lone Star State's dominating political party is,Texas',Lone Star State's, Republican,0.004525808151811361,0.0030187617521733046,0.003737145336344838,0,0,0,[],0,[],0,[],0,[],0,[],0,[],0,[],0,[],0,[],0,[],0,[],0,[],0,[],0,[],0,[],0,[],0,[],0,[],0,[],0,[],0,[],0,[],0,[],0,[],0,[],0,[],0,[],0,[],0,[],0,[],0,[],0,[],0,[],0,[],0,[],0,[],0,[],0,[],0,[],0,[],0,[],0,[],0,[],0,[],0,[],0,[],0,[],0,[],0,[],0,[],0,[],0,[],0,[],0,[],0,[],0,[],0,[],0,[],0,[],0,[],0,[],0,[],0,[],0,[],0,[],0,[],0,[],0,[],0,[],0,[],0,[],0,[],0,[],0,[],0,[],0,[],0,[],0,[],0,[],0,[],0,[],0,[],0,[],0,[],0,[],0,[],0,[],0,[],0,[],0,[],0,[],0,[],0,[],0,[],0,[],0,[],0,[],0,[],0,[]
36,Russia is mostly located on the continent of,The largest country in the world is mostly located on the continent of,Russia,The largest country in the world, Asia,0.024545956403017044,0.025306593626737595,0.026066992431879044,0,0,0,[],0,[],0,[],0,[],0,[],0,[],0,[],0,[],0,[],0,[],0,[],0,[],0,[],0,[],0,[],0,[],0,[],0,[],0,[],0,[],0,[],0,[],0,[],0,[],0,[],0,[],0,[],0,[],0,[],0,[],0,[],0,[],0,[],0,[],0,[],0,[],0,[],0,[],0,[],0,[],0,[],0,[],0,[],0,[],0,[],0,[],0,[],0,[],0,[],0,[],0,[],0,[],0,[],0,[],0,[],0,[],0,[],0,[],0,[],0,[],0,[],0,[],0,[],0,[],0,[],0,[],0,[],0,[],0,[],0,[],0,[],0,[],0,[],0,[],0,[],0,[],0,[],0,[],0,[],0,[],0,[],0,[],0,[],0,[],0,[],0,[],0,[],0,[],0,[],0,[],0,[],0,[],0,[],0,[],0,[],0,[],0,[],0,[],0,[]
37,Steve Jobs' father was from the country of,The founder of Apple's father was from the country of,Steve Jobs',The founder of Apple's, Syria,0.0016845441423356533,0.00013184931594878435,0.00038140476681292057,0,0,0,[],0,[],0,[],0,[],0,[],0,[],0,[],0,[],0,[],0,[],0,[],0,[],0,[],0,[],0,[],0,[],0,[],0,[],0,[],0,[],0,[],0,[],0,[],0,[],0,[],0,[],0,[],0,[],0,[],0,[],0,[],0,[],0,[],0,[],0,[],0,[],0,[],0,[],0,[],0,[],0,[],0,[],0,[],0,[],0,[],0,[],0,[],0,[],0,[],0,[],0,[],0,[],0,[],0,[],0,[],0,[],0,[],0,[],0,[],0,[],0,[],0,[],0,[],0,[],0,[],0,[],0,[],0,[],0,[],0,[],0,[],0,[],0,[],0,[],0,[],0,[],0,[],0,[],0,[],0,[],0,[],0,[],0,[],0,[],0,[],0,[],0,[],0,[],0,[],0,[],0,[],0,[],0,[],0,[],0,[],0,[],0,[],0,[],0,[]
38,J.R.R. Tolkien was afraid of,"The author of ""The Lord of The Rings"" was afraid of",J.R.R. Tolkien,"The author of ""The Lord of The Rings""", spiders,0.002504568314179778,0.0016861106269061565,0.0004962407983839512,0,0,0,[],0,[],0,[],0,[],0,[],0,[],0,[],0,[],0,[],0,[],0,[],0,[],0,[],0,[],0,[],0,[],0,[],0,[],0,[],0,[],0,[],0,[],0,[],0,[],0,[],0,[],0,[],0,[],0,[],0,[],0,[],0,[],0,[],0,[],0,[],0,[],0,[],0,[],0,[],0,[],0,[],0,[],0,[],0,[],0,[],0,[],0,[],0,[],0,[],0,[],0,[],0,[],0,[],0,[],0,[],0,[],0,[],0,[],0,[],0,[],0,[],0,[],0,[],0,[],0,[],0,[],0,[],0,[],0,[],0,[],0,[],0,[],0,[],0,[],0,[],0,[],0,[],0,[],0,[],0,[],0,[],0,[],0,[],0,[],0,[],0,[],0,[],0,[],0,[],0,[],0,[],0,[],0,[],0,[],0,[],0,[],0,[],0,[],0,[]
39,Argonne National Laboratory conducted pioneering research on,The U.S.'s first national laboratory conducted pioneering research on,Argonne National Laboratory ,The U.S.'s first national laboratory, nuclear energy,0.0022495577577501535,0.004546061158180237,0.0012690068688243628,0,0,0,[],0,[],0,[],0,[],0,[],0,[],0,[],0,[],0,[],0,[],0,[],0,[],0,[],0,[],0,[],0,[],0,[],0,[],0,[],0,[],0,[],0,[],0,[],0,[],0,[],0,[],0,[],0,[],0,[],0,[],0,[],0,[],0,[],0,[],0,[],0,[],0,[],0,[],0,[],0,[],0,[],0,[],0,[],0,[],0,[],0,[],0,[],0,[],0,[],0,[],0,[],0,[],0,[],0,[],0,[],0,[],0,[],0,[],0,[],0,[],0,[],0,[],0,[],0,[],0,[],0,[],0,[],0,[],0,[],0,[],0,[],0,[],0,[],0,[],0,[],0,[],0,[],0,[],0,[],0,[],0,[],0,[],0,[],0,[],0,[],0,[],0,[],0,[],0,[],0,[],0,[],0,[],0,[],0,[],0,[],0,[],0,[],0,[],0,[]
40,"For 25 years, the Sears Tower was the world's","For 25 years, the world's tallest building in 1973 was the world's",Sears Tower,world's tallest building in 1973, tallest building,0.9100285768508911,0.4894165098667145,0.9446067810058594,0,0,0,[],0,[],0,[],0,[],0,[],0,[],0,[],0,[],0,[],0,[],0,[],0,[],0,[],0,[],0,[],0,[],0,[],0,[],0,[],0,[],0,[],0,[],0,[],0,[],0,[],0,[],0,[],0,[],0,[],0,[],0,[],0,[],0,[],0,[],0,[],0,[],0,[],0,[],0,[],0,[],0,[],0,[],0,[],0,[],0,[],0,[],0,[],0,[],0,[],0,[],0,[],0,[],0,[],0,[],0,[],0,[],0,[],0,[],0,[],0,[],0,[],0,[],0,[],0,[],0,[],0,[],0,[],0,[],0,[],0,[],0,[],0,[],0,[],0,[],0,[],0,[],0,[],0,[],0,[],0,[],0,[],0,[],0,[],0,[],0,[],0,[],0,[],0,[],0,[],0,[],0,[],0,[],0,[],0,[],0,[],0,[],0,[],0,[],0,[]
41,French is the official language of a Canadian province called,A romance language is the official language of a Canadian province called,French,A romance language, Quebec,0.035981785506010056,0.22404927015304565,0.17561249434947968,0,0,0,[],0,[],0,[],0,[],0,[],0,[],0,[],0,[],0,[],0,[],0,[],0,[],0,[],0,[],0,[],0,[],0,[],0,[],0,[],0,[],0,[],0,[],0,[],0,[],0,[],0,[],0,[],0,[],0,[],0,[],0,[],0,[],0,[],0,[],0,[],0,[],0,[],0,[],0,[],0,[],0,[],0,[],0,[],0,[],0,[],0,[],0,[],0,[],0,[],0,[],0,[],0,[],0,[],0,[],0,[],0,[],0,[],0,[],0,[],0,[],0,[],0,[],0,[],0,[],0,[],0,[],0,[],0,[],0,[],0,[],0,[],0,[],0,[],0,[],0,[],0,[],0,[],0,[],0,[],0,[],0,[],0,[],0,[],0,[],0,[],0,[],0,[],0,[],0,[],0,[],0,[],0,[],0,[],0,[],0,[],0,[],0,[],0,[],0,[]
42,Cain murdered a person named,Adam and Eve's eldest son murdered a person named,Cain,Adam and Eve's eldest son, Abel,0.001470961607992649,0.0004691564536187798,0.0014750766567885876,0,0,0,[],0,[],0,[],0,[],0,[],0,[],0,[],0,[],0,[],0,[],0,[],0,[],0,[],0,[],0,[],0,[],0,[],0,[],0,[],0,[],0,[],0,[],0,[],0,[],0,[],0,[],0,[],0,[],0,[],0,[],0,[],0,[],0,[],0,[],0,[],0,[],0,[],0,[],0,[],0,[],0,[],0,[],0,[],0,[],0,[],0,[],0,[],0,[],0,[],0,[],0,[],0,[],0,[],0,[],0,[],0,[],0,[],0,[],0,[],0,[],0,[],0,[],0,[],0,[],0,[],0,[],0,[],0,[],0,[],0,[],0,[],0,[],0,[],0,[],0,[],0,[],0,[],0,[],0,[],0,[],0,[],0,[],0,[],0,[],0,[],0,[],0,[],0,[],0,[],0,[],0,[],0,[],0,[],0,[],0,[],0,[],0,[],0,[],0,[]
43,Napoleon was famously defeated at The Battle of,The Corsican-born leader of the French Republic was famously defeated at The Battle of,Napoleon,The Corsican-born leader of the French Republic, Waterloo,0.10322244465351105,0.4501848816871643,0.11445653438568115,0,0,0,[],0,[],0,[],0,[],0,[],0,[],0,[],0,[],0,[],0,[],0,[],0,[],0,[],0,[],0,[],0,[],0,[],0,[],0,[],0,[],0,[],0,[],0,[],0,[],0,[],0,[],0,[],0,[],0,[],0,[],0,[],0,[],0,[],0,[],0,[],0,[],0,[],0,[],0,[],0,[],0,[],0,[],0,[],0,[],0,[],0,[],0,[],0,[],0,[],0,[],0,[],0,[],0,[],0,[],0,[],0,[],0,[],0,[],0,[],0,[],0,[],0,[],0,[],0,[],0,[],0,[],0,[],0,[],0,[],0,[],0,[],0,[],0,[],0,[],0,[],0,[],0,[],0,[],0,[],0,[],0,[],0,[],0,[],0,[],0,[],0,[],0,[],0,[],0,[],0,[],0,[],0,[],0,[],0,[],0,[],0,[],0,[],0,[],0,[]
44,Quinine forms a medication used to treat an illness called,Extract from the bark of the cinchona tree forms a medication used to treat an illness called,Quinine,Extract from the bark of the cinchona tree, malaria,0.0011442004470154643,0.0007895472808741033,0.0005497760721482337,0,0,0,[],0,[],0,[],0,[],0,[],0,[],0,[],0,[],0,[],0,[],0,[],0,[],0,[],0,[],0,[],0,[],0,[],0,[],0,[],0,[],0,[],0,[],0,[],0,[],0,[],0,[],0,[],0,[],0,[],0,[],0,[],0,[],0,[],0,[],0,[],0,[],0,[],0,[],0,[],0,[],0,[],0,[],0,[],0,[],0,[],0,[],0,[],0,[],0,[],0,[],0,[],0,[],0,[],0,[],0,[],0,[],0,[],0,[],0,[],0,[],0,[],0,[],0,[],0,[],0,[],0,[],0,[],0,[],0,[],0,[],0,[],0,[],0,[],0,[],0,[],0,[],0,[],0,[],0,[],0,[],0,[],0,[],0,[],0,[],0,[],0,[],0,[],0,[],0,[],0,[],0,[],0,[],0,[],0,[],0,[],0,[],0,[],0,[],0,[]
45,Hadrian built a wall in the province of,The successor to Antoninus Pius built a wall in the province of,Hadrian,The successor to Antoninus Pius built a wall across, Britannia,4.2359988583484665e-05,9.121221955865622e-05,4.374987111077644e-05,0,0,0,[],0,[],0,[],0,[],0,[],0,[],0,[],0,[],0,[],0,[],0,[],0,[],0,[],0,[],0,[],0,[],0,[],0,[],0,[],0,[],0,[],0,[],0,[],0,[],0,[],0,[],0,[],0,[],0,[],0,[],0,[],0,[],0,[],0,[],0,[],0,[],0,[],0,[],0,[],0,[],0,[],0,[],0,[],0,[],0,[],0,[],0,[],0,[],0,[],0,[],0,[],0,[],0,[],0,[],0,[],0,[],0,[],0,[],0,[],0,[],0,[],0,[],0,[],0,[],0,[],0,[],0,[],0,[],0,[],0,[],0,[],0,[],0,[],0,[],0,[],0,[],0,[],0,[],0,[],0,[],0,[],0,[],0,[],0,[],0,[],0,[],0,[],0,[],0,[],0,[],0,[],0,[],0,[],0,[],0,[],0,[],0,[],0,[],0,[]
46,D-Day took place on the beaches of,The largest seaborne invasion in history took place on the beaches of,D-Day,The largest seaborne invasion in history, Normandy,0.03674786910414696,0.7159373760223389,0.0515221543610096,0,0,0,[],0,[],0,[],0,[],0,[],0,[],0,[],0,[],0,[],0,[],0,[],0,[],0,[],0,[],0,[],0,[],0,[],0,[],0,[],0,[],0,[],0,[],0,[],0,[],0,[],0,[],0,[],0,[],0,[],0,[],0,[],0,[],0,[],0,[],0,[],0,[],0,[],0,[],0,[],0,[],0,[],0,[],0,[],0,[],0,[],0,[],0,[],0,[],0,[],0,[],0,[],0,[],0,[],0,[],0,[],0,[],0,[],0,[],0,[],0,[],0,[],0,[],0,[],0,[],0,[],0,[],0,[],0,[],0,[],0,[],0,[],0,[],0,[],0,[],0,[],0,[],0,[],0,[],0,[],0,[],0,[],0,[],0,[],0,[],0,[],0,[],0,[],0,[],0,[],0,[],0,[],0,[],0,[],0,[],0,[],0,[],0,[],0,[],0,[]
47,The melting point of water is zero degrees,The melting point of dihydrogen monoxide is zero degrees,water,dihydrogen monoxide, Celsius,0.5601412653923035,0.5637322664260864,0.37571385502815247,0,0,0,[],0,[],0,[],0,[],0,[],0,[],0,[],0,[],0,[],0,[],0,[],0,[],0,[],0,[],0,[],0,[],0,[],0,[],0,[],0,[],0,[],0,[],0,[],0,[],0,[],0,[],0,[],0,[],0,[],0,[],0,[],0,[],0,[],0,[],0,[],0,[],0,[],0,[],0,[],0,[],0,[],0,[],0,[],0,[],0,[],0,[],0,[],0,[],0,[],0,[],0,[],0,[],0,[],0,[],0,[],0,[],0,[],0,[],0,[],0,[],0,[],0,[],0,[],0,[],0,[],0,[],0,[],0,[],0,[],0,[],0,[],0,[],0,[],0,[],0,[],0,[],0,[],0,[],0,[],0,[],0,[],0,[],0,[],0,[],0,[],0,[],0,[],0,[],0,[],0,[],0,[],0,[],0,[],0,[],0,[],0,[],0,[],0,[],0,[]
48,The highest mountain of the world is called,The tall mountain located at China–Nepal border is called,highest mountain,The tall mountain located at China–Nepal border, Mount Everest,0.008074573241174221,0.1397610604763031,0.018277373164892197,0,0,0,[],0,[],0,[],0,[],0,[],0,[],0,[],0,[],0,[],0,[],0,[],0,[],0,[],0,[],0,[],0,[],0,[],0,[],0,[],0,[],0,[],0,[],0,[],0,[],0,[],0,[],0,[],0,[],0,[],0,[],0,[],0,[],0,[],0,[],0,[],0,[],0,[],0,[],0,[],0,[],0,[],0,[],0,[],0,[],0,[],0,[],0,[],0,[],0,[],0,[],0,[],0,[],0,[],0,[],0,[],0,[],0,[],0,[],0,[],0,[],0,[],0,[],0,[],0,[],0,[],0,[],0,[],0,[],0,[],0,[],0,[],0,[],0,[],0,[],0,[],0,[],0,[],0,[],0,[],0,[],0,[],0,[],0,[],0,[],0,[],0,[],0,[],0,[],0,[],0,[],0,[],0,[],0,[],0,[],0,[],0,[],0,[],0,[],0,[]
49,Kopi luwak is eaten and defecated by,The most expensive coffee in the world is eaten and defecated by,Kopi luwak,The most expensive coffee in the world, civets,0.00028249307069927454,0.001077177352271974,0.0001422131317667663,0,0,0,[],0,[],0,[],0,[],0,[],0,[],0,[],0,[],0,[],0,[],0,[],0,[],0,[],0,[],0,[],0,[],0,[],0,[],0,[],0,[],0,[],0,[],0,[],0,[],0,[],0,[],0,[],0,[],0,[],0,[],0,[],0,[],0,[],0,[],0,[],0,[],0,[],0,[],0,[],0,[],0,[],0,[],0,[],0,[],0,[],0,[],0,[],0,[],0,[],0,[],0,[],0,[],0,[],0,[],0,[],0,[],0,[],0,[],0,[],0,[],0,[],0,[],0,[],0,[],0,[],0,[],0,[],0,[],0,[],0,[],0,[],0,[],0,[],0,[],0,[],0,[],0,[],0,[],0,[],0,[],0,[],0,[],0,[],0,[],0,[],0,[],0,[],0,[],0,[],0,[],0,[],0,[],0,[],0,[],0,[],0,[],0,[],0,[],0,[]
50,Schrodinger's cat is a thought experiment about,Schrodinger's feline laboratory assistant is a thought experiment about,cat,feline laboratory assistant, quantum uncertainty,0.0004296796105336398,0.0008136086398735642,0.0004524410469457507,0,0,0,[],0,[],0,[],0,[],0,[],0,[],0,[],0,[],0,[],0,[],0,[],0,[],0,[],0,[],0,[],0,[],0,[],0,[],0,[],0,[],0,[],0,[],0,[],0,[],0,[],0,[],0,[],0,[],0,[],0,[],0,[],0,[],0,[],0,[],0,[],0,[],0,[],0,[],0,[],0,[],0,[],0,[],0,[],0,[],0,[],0,[],0,[],0,[],0,[],0,[],0,[],0,[],0,[],0,[],0,[],0,[],0,[],0,[],0,[],0,[],0,[],0,[],0,[],0,[],0,[],0,[],0,[],0,[],0,[],0,[],0,[],0,[],0,[],0,[],0,[],0,[],0,[],0,[],0,[],0,[],0,[],0,[],0,[],0,[],0,[],0,[],0,[],0,[],0,[],0,[],0,[],0,[],0,[],0,[],0,[],0,[],0,[],0,[],0,[]
51,Defibrillation can help end cardiac,A dose of electric countershock to the heart can help end cardiac,Defibrillation,A dose of electric countershock to the heart, arrest,0.6063737869262695,0.5109562873840332,0.39084097743034363,0,0,0,[],0,[],0,[],0,[],0,[],0,[],0,[],0,[],0,[],0,[],0,[],0,[],0,[],0,[],0,[],0,[],0,[],0,[],0,[],0,[],0,[],0,[],0,[],0,[],0,[],0,[],0,[],0,[],0,[],0,[],0,[],0,[],0,[],0,[],0,[],0,[],0,[],0,[],0,[],0,[],0,[],0,[],0,[],0,[],0,[],0,[],0,[],0,[],0,[],0,[],0,[],0,[],0,[],0,[],0,[],0,[],0,[],0,[],0,[],0,[],0,[],0,[],0,[],0,[],0,[],0,[],0,[],0,[],0,[],0,[],0,[],0,[],0,[],0,[],0,[],0,[],0,[],0,[],0,[],0,[],0,[],0,[],0,[],0,[],0,[],0,[],0,[],0,[],0,[],0,[],0,[],0,[],0,[],0,[],0,[],0,[],0,[],0,[],0,[]
52,A tsunami off the coast of Japan resulted in the nuclear disaster at,A seismic sea wave following an earthquake off the coast of Japan resulted in the nuclear disaster at,tsunami,seismic sea wave following an earthquake, Fukushima Daiichi,0.3085905611515045,0.42236611247062683,0.11033833026885986,0,0,0,[],0,[],0,[],0,[],0,[],0,[],0,[],0,[],0,[],0,[],0,[],0,[],0,[],0,[],0,[],0,[],0,[],0,[],0,[],0,[],0,[],0,[],0,[],0,[],0,[],0,[],0,[],0,[],0,[],0,[],0,[],0,[],0,[],0,[],0,[],0,[],0,[],0,[],0,[],0,[],0,[],0,[],0,[],0,[],0,[],0,[],0,[],0,[],0,[],0,[],0,[],0,[],0,[],0,[],0,[],0,[],0,[],0,[],0,[],0,[],0,[],0,[],0,[],0,[],0,[],0,[],0,[],0,[],0,[],0,[],0,[],0,[],0,[],0,[],0,[],0,[],0,[],0,[],0,[],0,[],0,[],0,[],0,[],0,[],0,[],0,[],0,[],0,[],0,[],0,[],0,[],0,[],0,[],0,[],0,[],0,[],0,[],0,[],0,[]
53,John F Kennedy was assassinated by a person named,The 35th president of the United States was assassinated by a person named,John F Kennedy,The 35th president of the United States, Lee Harvey Oswald,0.003317358437925577,0.0028856892604380846,0.004100820515304804,0,0,0,[],0,[],0,[],0,[],0,[],0,[],0,[],0,[],0,[],0,[],0,[],0,[],0,[],0,[],0,[],0,[],0,[],0,[],0,[],0,[],0,[],0,[],0,[],0,[],0,[],0,[],0,[],0,[],0,[],0,[],0,[],0,[],0,[],0,[],0,[],0,[],0,[],0,[],0,[],0,[],0,[],0,[],0,[],0,[],0,[],0,[],0,[],0,[],0,[],0,[],0,[],0,[],0,[],0,[],0,[],0,[],0,[],0,[],0,[],0,[],0,[],0,[],0,[],0,[],0,[],0,[],0,[],0,[],0,[],0,[],0,[],0,[],0,[],0,[],0,[],0,[],0,[],0,[],0,[],0,[],0,[],0,[],0,[],0,[],0,[],0,[],0,[],0,[],0,[],0,[],0,[],0,[],0,[],0,[],0,[],0,[],0,[],0,[],0,[]
54,The best-selling song of Queen is called,"The best-selling song of the band comprised of Brian May, Freddie Mercury, Roger Taylor and John Deacon is called",Queen,"The band comprised of Brian May, Freddie Mercury, Roger Taylor and John Deacon", Bohemian Rhapsody,2.3232842067955062e-05,1.9932696886826307e-05,3.359949914738536e-05,0,0,0,[],0,[],0,[],0,[],0,[],0,[],0,[],0,[],0,[],0,[],0,[],0,[],0,[],0,[],0,[],0,[],0,[],0,[],0,[],0,[],0,[],0,[],0,[],0,[],0,[],0,[],0,[],0,[],0,[],0,[],0,[],0,[],0,[],0,[],0,[],0,[],0,[],0,[],0,[],0,[],0,[],0,[],0,[],0,[],0,[],0,[],0,[],0,[],0,[],0,[],0,[],0,[],0,[],0,[],0,[],0,[],0,[],0,[],0,[],0,[],0,[],0,[],0,[],0,[],0,[],0,[],0,[],0,[],0,[],0,[],0,[],0,[],0,[],0,[],0,[],0,[],0,[],0,[],0,[],0,[],0,[],0,[],0,[],0,[],0,[],0,[],0,[],0,[],0,[],0,[],0,[],0,[],0,[],0,[],0,[],0,[],0,[],0,[],0,[]
55,William Thomson did important work in the formulation of the first and second laws of,Lord Kelvin did important work in the formulation of the first and second laws of,William Thomson,Lord Kelvin, thermodynamics,0.8283295631408691,0.35945597290992737,0.7519069910049438,0,0,0,[],0,[],0,[],0,[],0,[],0,[],0,[],0,[],0,[],0,[],0,[],0,[],0,[],0,[],0,[],0,[],0,[],0,[],0,[],0,[],0,[],0,[],0,[],0,[],0,[],0,[],0,[],0,[],0,[],0,[],0,[],0,[],0,[],0,[],0,[],0,[],0,[],0,[],0,[],0,[],0,[],0,[],0,[],0,[],0,[],0,[],0,[],0,[],0,[],0,[],0,[],0,[],0,[],0,[],0,[],0,[],0,[],0,[],0,[],0,[],0,[],0,[],0,[],0,[],0,[],0,[],0,[],0,[],0,[],0,[],0,[],0,[],0,[],0,[],0,[],0,[],0,[],0,[],0,[],0,[],0,[],0,[],0,[],0,[],0,[],0,[],0,[],0,[],0,[],0,[],0,[],0,[],0,[],0,[],0,[],0,[],0,[],0,[],0,[]
56,The real name of the actor and rapper Will Smith is,The real name of the actor and rapper The Fresh Prince is,Will Smith,The Fresh Prince, Willard Carroll Smith II,0.0015990814426913857,0.0024152775295078754,0.012529274448752403,0,0,0,[],0,[],0,[],0,[],0,[],0,[],0,[],0,[],0,[],0,[],0,[],0,[],0,[],0,[],0,[],0,[],0,[],0,[],0,[],0,[],0,[],0,[],0,[],0,[],0,[],0,[],0,[],0,[],0,[],0,[],0,[],0,[],0,[],0,[],0,[],0,[],0,[],0,[],0,[],0,[],0,[],0,[],0,[],0,[],0,[],0,[],0,[],0,[],0,[],0,[],0,[],0,[],0,[],0,[],0,[],0,[],0,[],0,[],0,[],0,[],0,[],0,[],0,[],0,[],0,[],0,[],0,[],0,[],0,[],0,[],0,[],0,[],0,[],0,[],0,[],0,[],0,[],0,[],0,[],0,[],0,[],0,[],0,[],0,[],0,[],0,[],0,[],0,[],0,[],0,[],0,[],0,[],0,[],0,[],0,[],0,[],0,[],0,[],0,[]
57,Katy Perry's top album is called,Katheryn Elizabeth Hudson's top album is called,Katy Perry,Katheryn Elizabeth Hudson, Teenage Dream,0.0004892396973446012,0.0015704783145338297,0.0006387149915099144,0,0,0,[],0,[],0,[],0,[],0,[],0,[],0,[],0,[],0,[],0,[],0,[],0,[],0,[],0,[],0,[],0,[],0,[],0,[],0,[],0,[],0,[],0,[],0,[],0,[],0,[],0,[],0,[],0,[],0,[],0,[],0,[],0,[],0,[],0,[],0,[],0,[],0,[],0,[],0,[],0,[],0,[],0,[],0,[],0,[],0,[],0,[],0,[],0,[],0,[],0,[],0,[],0,[],0,[],0,[],0,[],0,[],0,[],0,[],0,[],0,[],0,[],0,[],0,[],0,[],0,[],0,[],0,[],0,[],0,[],0,[],0,[],0,[],0,[],0,[],0,[],0,[],0,[],0,[],0,[],0,[],0,[],0,[],0,[],0,[],0,[],0,[],0,[],0,[],0,[],0,[],0,[],0,[],0,[],0,[],0,[],0,[],0,[],0,[],0,[]
58,Ernest Gary Gygax died in the town of,The creator of Dungeons & Dragons died in the town of,Ernest Gary Gygax,The creator of Dungeons & Dragons," Lake Geneva, Wisconsin, U.S.",0.0028148810379207134,0.003924263175576925,0.002552352612838149,0,0,0,[],0,[],0,[],0,[],0,[],0,[],0,[],0,[],0,[],0,[],0,[],0,[],0,[],0,[],0,[],0,[],0,[],0,[],0,[],0,[],0,[],0,[],0,[],0,[],0,[],0,[],0,[],0,[],0,[],0,[],0,[],0,[],0,[],0,[],0,[],0,[],0,[],0,[],0,[],0,[],0,[],0,[],0,[],0,[],0,[],0,[],0,[],0,[],0,[],0,[],0,[],0,[],0,[],0,[],0,[],0,[],0,[],0,[],0,[],0,[],0,[],0,[],0,[],0,[],0,[],0,[],0,[],0,[],0,[],0,[],0,[],0,[],0,[],0,[],0,[],0,[],0,[],0,[],0,[],0,[],0,[],0,[],0,[],0,[],0,[],0,[],0,[],0,[],0,[],0,[],0,[],0,[],0,[],0,[],0,[],0,[],0,[],0,[],0,[]
59,Richard Garfield received a Bachelor of Science degree in the field of,The creator of Magic: The Gathering received a Bachelor of Science degree in field of,Richard Garfield,The creator of Magic: The Gathering, computer mathematics,0.10739807039499283,0.020857946947216988,0.15878860652446747,0,0,0,[],0,[],0,[],0,[],0,[],0,[],0,[],0,[],0,[],0,[],0,[],0,[],0,[],0,[],0,[],0,[],0,[],0,[],0,[],0,[],0,[],0,[],0,[],0,[],0,[],0,[],0,[],0,[],0,[],0,[],0,[],0,[],0,[],0,[],0,[],0,[],0,[],0,[],0,[],0,[],0,[],0,[],0,[],0,[],0,[],0,[],0,[],0,[],0,[],0,[],0,[],0,[],0,[],0,[],0,[],0,[],0,[],0,[],0,[],0,[],0,[],0,[],0,[],0,[],0,[],0,[],0,[],0,[],0,[],0,[],0,[],0,[],0,[],0,[],0,[],0,[],0,[],0,[],0,[],0,[],0,[],0,[],0,[],0,[],0,[],0,[],0,[],0,[],0,[],0,[],0,[],0,[],0,[],0,[],0,[],0,[],0,[],0,[],0,[]
60,Emperor Vespasian introduced a tax on this bodily fluid,The fourth and last emperor who reigned in the Year of the Four Emperors introduced a tax on this bodily fluid,Emperor Vespasian,The fourth and last emperor who reigned in the Year of the Four Emperors, urin,6.044272140570683e-06,2.7450741981738247e-06,6.3461889112659264e-06,0,0,0,[],0,[],0,[],0,[],0,[],0,[],0,[],0,[],0,[],0,[],0,[],0,[],0,[],0,[],0,[],0,[],0,[],0,[],0,[],0,[],0,[],0,[],0,[],0,[],0,[],0,[],0,[],0,[],0,[],0,[],0,[],0,[],0,[],0,[],0,[],0,[],0,[],0,[],0,[],0,[],0,[],0,[],0,[],0,[],0,[],0,[],0,[],0,[],0,[],0,[],0,[],0,[],0,[],0,[],0,[],0,[],0,[],0,[],0,[],0,[],0,[],0,[],0,[],0,[],0,[],0,[],0,[],0,[],0,[],0,[],0,[],0,[],0,[],0,[],0,[],0,[],0,[],0,[],0,[],0,[],0,[],0,[],0,[],0,[],0,[],0,[],0,[],0,[],0,[],0,[],0,[],0,[],0,[],0,[],0,[],0,[],0,[],0,[],0,[]
61,"Ludwig II ruled Bavaria from 1864 until his death in 1886, when he drowned in Lake","Der Märchenkönig ('the Fairy Tale King') ruled Bavaria from 1864 until his death in 1886, when he drowned in Lake",Ludwig II,Der Märchenkönig ('the Fairy Tale King')," Starnberg, Bavaria, German Empire",0.004022243432700634,0.0036099946592003107,0.0026641932781785727,0,0,0,[],0,[],0,[],0,[],0,[],0,[],0,[],0,[],0,[],0,[],0,[],0,[],0,[],0,[],0,[],0,[],0,[],0,[],0,[],0,[],0,[],0,[],0,[],0,[],0,[],0,[],0,[],0,[],0,[],0,[],0,[],0,[],0,[],0,[],0,[],0,[],0,[],0,[],0,[],0,[],0,[],0,[],0,[],0,[],0,[],0,[],0,[],0,[],0,[],0,[],0,[],0,[],0,[],0,[],0,[],0,[],0,[],0,[],0,[],0,[],0,[],0,[],0,[],0,[],0,[],0,[],0,[],0,[],0,[],0,[],0,[],0,[],0,[],0,[],0,[],0,[],0,[],0,[],0,[],0,[],0,[],0,[],0,[],0,[],0,[],0,[],0,[],0,[],0,[],0,[],0,[],0,[],0,[],0,[],0,[],0,[],0,[],0,[],0,[]
62,Alexander the Great was tutored by the philosopher called,The man who conquered most of the known world was tutored by the philosopher called,Alexander the Great,The man who conquered the world, Aristotle,0.09718629717826843,0.11838804930448532,0.13669565320014954,0,0,0,[],0,[],0,[],0,[],0,[],0,[],0,[],0,[],0,[],0,[],0,[],0,[],0,[],0,[],0,[],0,[],0,[],0,[],0,[],0,[],0,[],0,[],0,[],0,[],0,[],0,[],0,[],0,[],0,[],0,[],0,[],0,[],0,[],0,[],0,[],0,[],0,[],0,[],0,[],0,[],0,[],0,[],0,[],0,[],0,[],0,[],0,[],0,[],0,[],0,[],0,[],0,[],0,[],0,[],0,[],0,[],0,[],0,[],0,[],0,[],0,[],0,[],0,[],0,[],0,[],0,[],0,[],0,[],0,[],0,[],0,[],0,[],0,[],0,[],0,[],0,[],0,[],0,[],0,[],0,[],0,[],0,[],0,[],0,[],0,[],0,[],0,[],0,[],0,[],0,[],0,[],0,[],0,[],0,[],0,[],0,[],0,[],0,[],0,[]
63,Steve Rogers is famous for his,The first avenger is famous for his,Steve Rogers,The first avenger, shield,0.00010490647400729358,4.016568709630519e-05,9.923565812641755e-05,0,0,0,[],0,[],0,[],0,[],0,[],0,[],0,[],0,[],0,[],0,[],0,[],0,[],0,[],0,[],0,[],0,[],0,[],0,[],0,[],0,[],0,[],0,[],0,[],0,[],0,[],0,[],0,[],0,[],0,[],0,[],0,[],0,[],0,[],0,[],0,[],0,[],0,[],0,[],0,[],0,[],0,[],0,[],0,[],0,[],0,[],0,[],0,[],0,[],0,[],0,[],0,[],0,[],0,[],0,[],0,[],0,[],0,[],0,[],0,[],0,[],0,[],0,[],0,[],0,[],0,[],0,[],0,[],0,[],0,[],0,[],0,[],0,[],0,[],0,[],0,[],0,[],0,[],0,[],0,[],0,[],0,[],0,[],0,[],0,[],0,[],0,[],0,[],0,[],0,[],0,[],0,[],0,[],0,[],0,[],0,[],0,[],0,[],0,[],0,[]
64,Thomas Jennings invented a method for removing,The first African-American to hold a patent invented a method for removing,Thomas Jennings,The first African-American to hold a patent, dirt and grease from clothing,0.004917606711387634,0.005620189942419529,0.0018556484719738364,0,0,0,[],0,[],0,[],0,[],0,[],0,[],0,[],0,[],0,[],0,[],0,[],0,[],0,[],0,[],0,[],0,[],0,[],0,[],0,[],0,[],0,[],0,[],0,[],0,[],0,[],0,[],0,[],0,[],0,[],0,[],0,[],0,[],0,[],0,[],0,[],0,[],0,[],0,[],0,[],0,[],0,[],0,[],0,[],0,[],0,[],0,[],0,[],0,[],0,[],0,[],0,[],0,[],0,[],0,[],0,[],0,[],0,[],0,[],0,[],0,[],0,[],0,[],0,[],0,[],0,[],0,[],0,[],0,[],0,[],0,[],0,[],0,[],0,[],0,[],0,[],0,[],0,[],0,[],0,[],0,[],0,[],0,[],0,[],0,[],0,[],0,[],0,[],0,[],0,[],0,[],0,[],0,[],0,[],0,[],0,[],0,[],0,[],0,[],0,[]
65,Leonardo da Vinci was born in the modern-day country of,The painter of the Mona Lisa was born in the modern-day country of,Leonardo da Vinci,The painter of the Mona Lisa, Italy,0.018040815368294716,0.032262787222862244,0.01697196252644062,0,0,0,[],0,[],0,[],0,[],0,[],0,[],0,[],0,[],0,[],0,[],0,[],0,[],0,[],0,[],0,[],0,[],0,[],0,[],0,[],0,[],0,[],0,[],0,[],0,[],0,[],0,[],0,[],0,[],0,[],0,[],0,[],0,[],0,[],0,[],0,[],0,[],0,[],0,[],0,[],0,[],0,[],0,[],0,[],0,[],0,[],0,[],0,[],0,[],0,[],0,[],0,[],0,[],0,[],0,[],0,[],0,[],0,[],0,[],0,[],0,[],0,[],0,[],0,[],0,[],0,[],0,[],0,[],0,[],0,[],0,[],0,[],0,[],0,[],0,[],0,[],0,[],0,[],0,[],0,[],0,[],0,[],0,[],0,[],0,[],0,[],0,[],0,[],0,[],0,[],0,[],0,[],0,[],0,[],0,[],0,[],0,[],0,[],0,[],0,[]
66,Johannes Gutenberg originally trained to become a,The inventor of the printing press originally trained to become a,Johannes Gutenberg,The inventor of the printing press, goldsmith,0.0005164201720617712,0.0003114754508715123,2.7430098270997405e-05,0,0,0,[],0,[],0,[],0,[],0,[],0,[],0,[],0,[],0,[],0,[],0,[],0,[],0,[],0,[],0,[],0,[],0,[],0,[],0,[],0,[],0,[],0,[],0,[],0,[],0,[],0,[],0,[],0,[],0,[],0,[],0,[],0,[],0,[],0,[],0,[],0,[],0,[],0,[],0,[],0,[],0,[],0,[],0,[],0,[],0,[],0,[],0,[],0,[],0,[],0,[],0,[],0,[],0,[],0,[],0,[],0,[],0,[],0,[],0,[],0,[],0,[],0,[],0,[],0,[],0,[],0,[],0,[],0,[],0,[],0,[],0,[],0,[],0,[],0,[],0,[],0,[],0,[],0,[],0,[],0,[],0,[],0,[],0,[],0,[],0,[],0,[],0,[],0,[],0,[],0,[],0,[],0,[],0,[],0,[],0,[],0,[],0,[],0,[],0,[]
67,"In addition to being an inventor, Samuel F.B. Morse was also a talented","In addition to being an inventor, the developer of the electrical telegraph was also a talented",Samuel F.B. Morse,the developer of the electrical telegraph, artist,0.024893220514059067,0.026190808042883873,0.03884615749120712,0,0,0,[],0,[],0,[],0,[],0,[],0,[],0,[],0,[],0,[],0,[],0,[],0,[],0,[],0,[],0,[],0,[],0,[],0,[],0,[],0,[],0,[],0,[],0,[],0,[],0,[],0,[],0,[],0,[],0,[],0,[],0,[],0,[],0,[],0,[],0,[],0,[],0,[],0,[],0,[],0,[],0,[],0,[],0,[],0,[],0,[],0,[],0,[],0,[],0,[],0,[],0,[],0,[],0,[],0,[],0,[],0,[],0,[],0,[],0,[],0,[],0,[],0,[],0,[],0,[],0,[],0,[],0,[],0,[],0,[],0,[],0,[],0,[],0,[],0,[],0,[],0,[],0,[],0,[],0,[],0,[],0,[],0,[],0,[],0,[],0,[],0,[],0,[],0,[],0,[],0,[],0,[],0,[],0,[],0,[],0,[],0,[],0,[],0,[],0,[]
68,The first patented invention of Thomas Alva Edison was the electric,The first patented invention of the inventor of the light bulb was the electric,Thomas Alva Edison,the inventor of the light bulb, vote recorder,1.6652898921165615e-05,1.3929121450928506e-05,8.339910891663749e-06,0,0,0,[],0,[],0,[],0,[],0,[],0,[],0,[],0,[],0,[],0,[],0,[],0,[],0,[],0,[],0,[],0,[],0,[],0,[],0,[],0,[],0,[],0,[],0,[],0,[],0,[],0,[],0,[],0,[],0,[],0,[],0,[],0,[],0,[],0,[],0,[],0,[],0,[],0,[],0,[],0,[],0,[],0,[],0,[],0,[],0,[],0,[],0,[],0,[],0,[],0,[],0,[],0,[],0,[],0,[],0,[],0,[],0,[],0,[],0,[],0,[],0,[],0,[],0,[],0,[],0,[],0,[],0,[],0,[],0,[],0,[],0,[],0,[],0,[],0,[],0,[],0,[],0,[],0,[],0,[],0,[],0,[],0,[],0,[],0,[],0,[],0,[],0,[],0,[],0,[],0,[],0,[],0,[],0,[],0,[],0,[],0,[],0,[],0,[],0,[]
69,Nikola Tesla was born in the modern-day country of,The rival of Thomas Alva Edison was born in the modern-day country of,Nikola Tesla,The rival of Thomas Alva Edison, Croatia,0.0006891466910019517,0.001294534420594573,0.0008419508230872452,0,0,0,[],0,[],0,[],0,[],0,[],0,[],0,[],0,[],0,[],0,[],0,[],0,[],0,[],0,[],0,[],0,[],0,[],0,[],0,[],0,[],0,[],0,[],0,[],0,[],0,[],0,[],0,[],0,[],0,[],0,[],0,[],0,[],0,[],0,[],0,[],0,[],0,[],0,[],0,[],0,[],0,[],0,[],0,[],0,[],0,[],0,[],0,[],0,[],0,[],0,[],0,[],0,[],0,[],0,[],0,[],0,[],0,[],0,[],0,[],0,[],0,[],0,[],0,[],0,[],0,[],0,[],0,[],0,[],0,[],0,[],0,[],0,[],0,[],0,[],0,[],0,[],0,[],0,[],0,[],0,[],0,[],0,[],0,[],0,[],0,[],0,[],0,[],0,[],0,[],0,[],0,[],0,[],0,[],0,[],0,[],0,[],0,[],0,[],0,[]
70,Nikola Tesla went to the University of,The inventor of the Tesla coin went to the University of,Nikola Tesla,The inventor of the Tesla coin, Graz,0.00011474060011096299,9.490604134043679e-05,0.00010489040869288146,0,0,0,[],0,[],0,[],0,[],0,[],0,[],0,[],0,[],0,[],0,[],0,[],0,[],0,[],0,[],0,[],0,[],0,[],0,[],0,[],0,[],0,[],0,[],0,[],0,[],0,[],0,[],0,[],0,[],0,[],0,[],0,[],0,[],0,[],0,[],0,[],0,[],0,[],0,[],0,[],0,[],0,[],0,[],0,[],0,[],0,[],0,[],0,[],0,[],0,[],0,[],0,[],0,[],0,[],0,[],0,[],0,[],0,[],0,[],0,[],0,[],0,[],0,[],0,[],0,[],0,[],0,[],0,[],0,[],0,[],0,[],0,[],0,[],0,[],0,[],0,[],0,[],0,[],0,[],0,[],0,[],0,[],0,[],0,[],0,[],0,[],0,[],0,[],0,[],0,[],0,[],0,[],0,[],0,[],0,[],0,[],0,[],0,[],0,[],0,[]
71,Nikola Tesla died in the city called,The inventor of the induction motor died in the city called,Nikola Tesla,The inventor of the induction motor," New York City, U.S.",0.011330612935125828,0.022569360211491585,0.009226181544363499,0,0,0,[],0,[],0,[],0,[],0,[],0,[],0,[],0,[],0,[],0,[],0,[],0,[],0,[],0,[],0,[],0,[],0,[],0,[],0,[],0,[],0,[],0,[],0,[],0,[],0,[],0,[],0,[],0,[],0,[],0,[],0,[],0,[],0,[],0,[],0,[],0,[],0,[],0,[],0,[],0,[],0,[],0,[],0,[],0,[],0,[],0,[],0,[],0,[],0,[],0,[],0,[],0,[],0,[],0,[],0,[],0,[],0,[],0,[],0,[],0,[],0,[],0,[],0,[],0,[],0,[],0,[],0,[],0,[],0,[],0,[],0,[],0,[],0,[],0,[],0,[],0,[],0,[],0,[],0,[],0,[],0,[],0,[],0,[],0,[],0,[],0,[],0,[],0,[],0,[],0,[],0,[],0,[],0,[],0,[],0,[],0,[],0,[],0,[],0,[]
72,Nikola Tesla studied,The inventor of alternating current studied,Nikola Tesla,The inventor of alternating current, electrical engineering,0.0039603631012141705,0.02895340695977211,0.0010711917420849204,0,0,0,[],0,[],0,[],0,[],0,[],0,[],0,[],0,[],0,[],0,[],0,[],0,[],0,[],0,[],0,[],0,[],0,[],0,[],0,[],0,[],0,[],0,[],0,[],0,[],0,[],0,[],0,[],0,[],0,[],0,[],0,[],0,[],0,[],0,[],0,[],0,[],0,[],0,[],0,[],0,[],0,[],0,[],0,[],0,[],0,[],0,[],0,[],0,[],0,[],0,[],0,[],0,[],0,[],0,[],0,[],0,[],0,[],0,[],0,[],0,[],0,[],0,[],0,[],0,[],0,[],0,[],0,[],0,[],0,[],0,[],0,[],0,[],0,[],0,[],0,[],0,[],0,[],0,[],0,[],0,[],0,[],0,[],0,[],0,[],0,[],0,[],0,[],0,[],0,[],0,[],0,[],0,[],0,[],0,[],0,[],0,[],0,[],0,[],0,[]
73,New York City is in the state of,The most populous city in the United States is in the state of,New York City,The most populous city in the United States, New York,0.09926124662160873,0.1537119448184967,0.672860860824585,0,0,0,[],0,[],0,[],0,[],0,[],0,[],0,[],0,[],0,[],0,[],0,[],0,[],0,[],0,[],0,[],0,[],0,[],0,[],0,[],0,[],0,[],0,[],0,[],0,[],0,[],0,[],0,[],0,[],0,[],0,[],0,[],0,[],0,[],0,[],0,[],0,[],0,[],0,[],0,[],0,[],0,[],0,[],0,[],0,[],0,[],0,[],0,[],0,[],0,[],0,[],0,[],0,[],0,[],0,[],0,[],0,[],0,[],0,[],0,[],0,[],0,[],0,[],0,[],0,[],0,[],0,[],0,[],0,[],0,[],0,[],0,[],0,[],0,[],0,[],0,[],0,[],0,[],0,[],0,[],0,[],0,[],0,[],0,[],0,[],0,[],0,[],0,[],0,[],0,[],0,[],0,[],0,[],0,[],0,[],0,[],0,[],0,[],0,[],0,[]
74,Michelle Obama was born in the city of,Barack Obama's wife was born in the city of,Michelle Obama,Barack Obama's wife, Chicago,0.07527028024196625,0.07552329450845718,0.12825316190719604,0,0,0,[],0,[],0,[],0,[],0,[],0,[],0,[],0,[],0,[],0,[],0,[],0,[],0,[],0,[],0,[],0,[],0,[],0,[],0,[],0,[],0,[],0,[],0,[],0,[],0,[],0,[],0,[],0,[],0,[],0,[],0,[],0,[],0,[],0,[],0,[],0,[],0,[],0,[],0,[],0,[],0,[],0,[],0,[],0,[],0,[],0,[],0,[],0,[],0,[],0,[],0,[],0,[],0,[],0,[],0,[],0,[],0,[],0,[],0,[],0,[],0,[],0,[],0,[],0,[],0,[],0,[],0,[],0,[],0,[],0,[],0,[],0,[],0,[],0,[],0,[],0,[],0,[],0,[],0,[],0,[],0,[],0,[],0,[],0,[],0,[],0,[],0,[],0,[],0,[],0,[],0,[],0,[],0,[],0,[],0,[],0,[],0,[],0,[],0,[]
75,Florence Nightingale was born in the city of,The founder of modern nursing was born in the city of,Florence Nightingale,The founder of modern nursing, Florence,0.00413401797413826,0.037564877420663834,0.015423523262143135,0,0,0,[],0,[],0,[],0,[],0,[],0,[],0,[],0,[],0,[],0,[],0,[],0,[],0,[],0,[],0,[],0,[],0,[],0,[],0,[],0,[],0,[],0,[],0,[],0,[],0,[],0,[],0,[],0,[],0,[],0,[],0,[],0,[],0,[],0,[],0,[],0,[],0,[],0,[],0,[],0,[],0,[],0,[],0,[],0,[],0,[],0,[],0,[],0,[],0,[],0,[],0,[],0,[],0,[],0,[],0,[],0,[],0,[],0,[],0,[],0,[],0,[],0,[],0,[],0,[],0,[],0,[],0,[],0,[],0,[],0,[],0,[],0,[],0,[],0,[],0,[],0,[],0,[],0,[],0,[],0,[],0,[],0,[],0,[],0,[],0,[],0,[],0,[],0,[],0,[],0,[],0,[],0,[],0,[],0,[],0,[],0,[],0,[],0,[],0,[]
76,Hippocrates was from the country of,The father of medicine was from the country of,Hippocrates,The father of medicine, Greece,0.0021808412857353687,0.06531859189271927,0.013018065132200718,0,0,0,[],0,[],0,[],0,[],0,[],0,[],0,[],0,[],0,[],0,[],0,[],0,[],0,[],0,[],0,[],0,[],0,[],0,[],0,[],0,[],0,[],0,[],0,[],0,[],0,[],0,[],0,[],0,[],0,[],0,[],0,[],0,[],0,[],0,[],0,[],0,[],0,[],0,[],0,[],0,[],0,[],0,[],0,[],0,[],0,[],0,[],0,[],0,[],0,[],0,[],0,[],0,[],0,[],0,[],0,[],0,[],0,[],0,[],0,[],0,[],0,[],0,[],0,[],0,[],0,[],0,[],0,[],0,[],0,[],0,[],0,[],0,[],0,[],0,[],0,[],0,[],0,[],0,[],0,[],0,[],0,[],0,[],0,[],0,[],0,[],0,[],0,[],0,[],0,[],0,[],0,[],0,[],0,[],0,[],0,[],0,[],0,[],0,[],0,[]
77,Albert Einstein was known for developing the theory of,The winner of the 1921 Nobel Prize in Physics was known for developing the theory of,Albert Einstein,The winner of the 1921 Nobel Prize in Physics , relativity,0.23913276195526123,0.7634186148643494,0.43246257305145264,0,0,0,[],0,[],0,[],0,[],0,[],0,[],0,[],0,[],0,[],0,[],0,[],0,[],0,[],0,[],0,[],0,[],0,[],0,[],0,[],0,[],0,[],0,[],0,[],0,[],0,[],0,[],0,[],0,[],0,[],0,[],0,[],0,[],0,[],0,[],0,[],0,[],0,[],0,[],0,[],0,[],0,[],0,[],0,[],0,[],0,[],0,[],0,[],0,[],0,[],0,[],0,[],0,[],0,[],0,[],0,[],0,[],0,[],0,[],0,[],0,[],0,[],0,[],0,[],0,[],0,[],0,[],0,[],0,[],0,[],0,[],0,[],0,[],0,[],0,[],0,[],0,[],0,[],0,[],0,[],0,[],0,[],0,[],0,[],0,[],0,[],0,[],0,[],0,[],0,[],0,[],0,[],0,[],0,[],0,[],0,[],0,[],0,[],0,[],0,[]
78,James Madison was born in the state of,The father of the Constitution was born in the state of,James Madison,The father of the Constitution, Virgina,0.0001173542914330028,4.078401252627373e-05,8.381302177440375e-05,0,0,0,[],0,[],0,[],0,[],0,[],0,[],0,[],0,[],0,[],0,[],0,[],0,[],0,[],0,[],0,[],0,[],0,[],0,[],0,[],0,[],0,[],0,[],0,[],0,[],0,[],0,[],0,[],0,[],0,[],0,[],0,[],0,[],0,[],0,[],0,[],0,[],0,[],0,[],0,[],0,[],0,[],0,[],0,[],0,[],0,[],0,[],0,[],0,[],0,[],0,[],0,[],0,[],0,[],0,[],0,[],0,[],0,[],0,[],0,[],0,[],0,[],0,[],0,[],0,[],0,[],0,[],0,[],0,[],0,[],0,[],0,[],0,[],0,[],0,[],0,[],0,[],0,[],0,[],0,[],0,[],0,[],0,[],0,[],0,[],0,[],0,[],0,[],0,[],0,[],0,[],0,[],0,[],0,[],0,[],0,[],0,[],0,[],0,[],0,[]
79,Charles Babbage was born in the city of,The father of the computer was born in the city of,Charles Babbage,The father of the computer, London,0.005792777519673109,0.044513046741485596,0.011091702617704868,0,0,0,[],0,[],0,[],0,[],0,[],0,[],0,[],0,[],0,[],0,[],0,[],0,[],0,[],0,[],0,[],0,[],0,[],0,[],0,[],0,[],0,[],0,[],0,[],0,[],0,[],0,[],0,[],0,[],0,[],0,[],0,[],0,[],0,[],0,[],0,[],0,[],0,[],0,[],0,[],0,[],0,[],0,[],0,[],0,[],0,[],0,[],0,[],0,[],0,[],0,[],0,[],0,[],0,[],0,[],0,[],0,[],0,[],0,[],0,[],0,[],0,[],0,[],0,[],0,[],0,[],0,[],0,[],0,[],0,[],0,[],0,[],0,[],0,[],0,[],0,[],0,[],0,[],0,[],0,[],0,[],0,[],0,[],0,[],0,[],0,[],0,[],0,[],0,[],0,[],0,[],0,[],0,[],0,[],0,[],0,[],0,[],0,[],0,[],0,[]
80,Galileo Galilei was born in the city of,The father of the scientific method was born in the city of,Galileo Galilei,The father of the scientific method, Pisa,0.016893204301595688,0.035068001598119736,0.022949062287807465,0,0,0,[],0,[],0,[],0,[],0,[],0,[],0,[],0,[],0,[],0,[],0,[],0,[],0,[],0,[],0,[],0,[],0,[],0,[],0,[],0,[],0,[],0,[],0,[],0,[],0,[],0,[],0,[],0,[],0,[],0,[],0,[],0,[],0,[],0,[],0,[],0,[],0,[],0,[],0,[],0,[],0,[],0,[],0,[],0,[],0,[],0,[],0,[],0,[],0,[],0,[],0,[],0,[],0,[],0,[],0,[],0,[],0,[],0,[],0,[],0,[],0,[],0,[],0,[],0,[],0,[],0,[],0,[],0,[],0,[],0,[],0,[],0,[],0,[],0,[],0,[],0,[],0,[],0,[],0,[],0,[],0,[],0,[],0,[],0,[],0,[],0,[],0,[],0,[],0,[],0,[],0,[],0,[],0,[],0,[],0,[],0,[],0,[],0,[],0,[]
81,The Taj Mahal was commissioned by,The ivory-white mausoleum in India was commissioned by,The Taj Mahal,The ivory-white mausoleum in India, Shah Jahan,0.0003962045593652874,0.0010491202119737864,0.0015236047329381108,0,0,0,[],0,[],0,[],0,[],0,[],0,[],0,[],0,[],0,[],0,[],0,[],0,[],0,[],0,[],0,[],0,[],0,[],0,[],0,[],0,[],0,[],0,[],0,[],0,[],0,[],0,[],0,[],0,[],0,[],0,[],0,[],0,[],0,[],0,[],0,[],0,[],0,[],0,[],0,[],0,[],0,[],0,[],0,[],0,[],0,[],0,[],0,[],0,[],0,[],0,[],0,[],0,[],0,[],0,[],0,[],0,[],0,[],0,[],0,[],0,[],0,[],0,[],0,[],0,[],0,[],0,[],0,[],0,[],0,[],0,[],0,[],0,[],0,[],0,[],0,[],0,[],0,[],0,[],0,[],0,[],0,[],0,[],0,[],0,[],0,[],0,[],0,[],0,[],0,[],0,[],0,[],0,[],0,[],0,[],0,[],0,[],0,[],0,[],0,[]
82,The Gateway Arch is located in,The world's tallest arch is located in,The Gateway Arch,The world's tallest arch, St. Louis,0.0016171635361388326,0.001665065181441605,0.0029874807223677635,0,0,0,[],0,[],0,[],0,[],0,[],0,[],0,[],0,[],0,[],0,[],0,[],0,[],0,[],0,[],0,[],0,[],0,[],0,[],0,[],0,[],0,[],0,[],0,[],0,[],0,[],0,[],0,[],0,[],0,[],0,[],0,[],0,[],0,[],0,[],0,[],0,[],0,[],0,[],0,[],0,[],0,[],0,[],0,[],0,[],0,[],0,[],0,[],0,[],0,[],0,[],0,[],0,[],0,[],0,[],0,[],0,[],0,[],0,[],0,[],0,[],0,[],0,[],0,[],0,[],0,[],0,[],0,[],0,[],0,[],0,[],0,[],0,[],0,[],0,[],0,[],0,[],0,[],0,[],0,[],0,[],0,[],0,[],0,[],0,[],0,[],0,[],0,[],0,[],0,[],0,[],0,[],0,[],0,[],0,[],0,[],0,[],0,[],0,[],0,[]
83,The Shard is located in the city of,The tallest building in the United Kingdom is located in the city of,The Shard,The tallest building in the United Kingdom, London,0.09508979320526123,0.017216362059116364,0.12281296402215958,0,0,0,[],0,[],0,[],0,[],0,[],0,[],0,[],0,[],0,[],0,[],0,[],0,[],0,[],0,[],0,[],0,[],0,[],0,[],0,[],0,[],0,[],0,[],0,[],0,[],0,[],0,[],0,[],0,[],0,[],0,[],0,[],0,[],0,[],0,[],0,[],0,[],0,[],0,[],0,[],0,[],0,[],0,[],0,[],0,[],0,[],0,[],0,[],0,[],0,[],0,[],0,[],0,[],0,[],0,[],0,[],0,[],0,[],0,[],0,[],0,[],0,[],0,[],0,[],0,[],0,[],0,[],0,[],0,[],0,[],0,[],0,[],0,[],0,[],0,[],0,[],0,[],0,[],0,[],0,[],0,[],0,[],0,[],0,[],0,[],0,[],0,[],0,[],0,[],0,[],0,[],0,[],0,[],0,[],0,[],0,[],0,[],0,[],0,[],0,[]
84,T. Rex lived on the modern day continent of,The dinosaur with tiny arms lived on the modern day continent of,T. Rex,The dinosaur with tiny arms, North America,0.11260324716567993,0.030316993594169617,0.10880948603153229,0,0,0,[],0,[],0,[],0,[],0,[],0,[],0,[],0,[],0,[],0,[],0,[],0,[],0,[],0,[],0,[],0,[],0,[],0,[],0,[],0,[],0,[],0,[],0,[],0,[],0,[],0,[],0,[],0,[],0,[],0,[],0,[],0,[],0,[],0,[],0,[],0,[],0,[],0,[],0,[],0,[],0,[],0,[],0,[],0,[],0,[],0,[],0,[],0,[],0,[],0,[],0,[],0,[],0,[],0,[],0,[],0,[],0,[],0,[],0,[],0,[],0,[],0,[],0,[],0,[],0,[],0,[],0,[],0,[],0,[],0,[],0,[],0,[],0,[],0,[],0,[],0,[],0,[],0,[],0,[],0,[],0,[],0,[],0,[],0,[],0,[],0,[],0,[],0,[],0,[],0,[],0,[],0,[],0,[],0,[],0,[],0,[],0,[],0,[],0,[]
85,Bananas grow on,Long yellow berries grow on,Bananas,Long yellow berries, trees,0.02086101658642292,0.11729414016008377,0.018376901745796204,0,0,0,[],0,[],0,[],0,[],0,[],0,[],0,[],0,[],0,[],0,[],0,[],0,[],0,[],0,[],0,[],0,[],0,[],0,[],0,[],0,[],0,[],0,[],0,[],0,[],0,[],0,[],0,[],0,[],0,[],0,[],0,[],0,[],0,[],0,[],0,[],0,[],0,[],0,[],0,[],0,[],0,[],0,[],0,[],0,[],0,[],0,[],0,[],0,[],0,[],0,[],0,[],0,[],0,[],0,[],0,[],0,[],0,[],0,[],0,[],0,[],0,[],0,[],0,[],0,[],0,[],0,[],0,[],0,[],0,[],0,[],0,[],0,[],0,[],0,[],0,[],0,[],0,[],0,[],0,[],0,[],0,[],0,[],0,[],0,[],0,[],0,[],0,[],0,[],0,[],0,[],0,[],0,[],0,[],0,[],0,[],0,[],0,[],0,[],0,[]
86,"When life gives you limes, make","When life gives you the green version of lemons, make",limes,the green version of lemons, limeade,0.00013749499339610338,0.0017049056477844715,0.00028049404500052333,0,0,0,[],0,[],0,[],0,[],0,[],0,[],0,[],0,[],0,[],0,[],0,[],0,[],0,[],0,[],0,[],0,[],0,[],0,[],0,[],0,[],0,[],0,[],0,[],0,[],0,[],0,[],0,[],0,[],0,[],0,[],0,[],0,[],0,[],0,[],0,[],0,[],0,[],0,[],0,[],0,[],0,[],0,[],0,[],0,[],0,[],0,[],0,[],0,[],0,[],0,[],0,[],0,[],0,[],0,[],0,[],0,[],0,[],0,[],0,[],0,[],0,[],0,[],0,[],0,[],0,[],0,[],0,[],0,[],0,[],0,[],0,[],0,[],0,[],0,[],0,[],0,[],0,[],0,[],0,[],0,[],0,[],0,[],0,[],0,[],0,[],0,[],0,[],0,[],0,[],0,[],0,[],0,[],0,[],0,[],0,[],0,[],0,[],0,[],0,[]
87,Helen Keller was born in the state of,A deaf and blind disability rights activist was born in the state of,Helen Keller,A deaf and blind disability rights activist, Alabama,0.04944764822721481,0.012450853362679482,0.032267846167087555,0,0,0,[],0,[],0,[],0,[],0,[],0,[],0,[],0,[],0,[],0,[],0,[],0,[],0,[],0,[],0,[],0,[],0,[],0,[],0,[],0,[],0,[],0,[],0,[],0,[],0,[],0,[],0,[],0,[],0,[],0,[],0,[],0,[],0,[],0,[],0,[],0,[],0,[],0,[],0,[],0,[],0,[],0,[],0,[],0,[],0,[],0,[],0,[],0,[],0,[],0,[],0,[],0,[],0,[],0,[],0,[],0,[],0,[],0,[],0,[],0,[],0,[],0,[],0,[],0,[],0,[],0,[],0,[],0,[],0,[],0,[],0,[],0,[],0,[],0,[],0,[],0,[],0,[],0,[],0,[],0,[],0,[],0,[],0,[],0,[],0,[],0,[],0,[],0,[],0,[],0,[],0,[],0,[],0,[],0,[],0,[],0,[],0,[],0,[],0,[]
88,Mozart was born in the modern day country of,The pianist who composed Twinkle Twinkle Little Star was born in the modern day country of,Mozart,The pianist who composed Twinkle Twinkle Little Star, Austria,0.0037125565577298403,0.010856959968805313,0.0023924638517200947,0,0,0,[],0,[],0,[],0,[],0,[],0,[],0,[],0,[],0,[],0,[],0,[],0,[],0,[],0,[],0,[],0,[],0,[],0,[],0,[],0,[],0,[],0,[],0,[],0,[],0,[],0,[],0,[],0,[],0,[],0,[],0,[],0,[],0,[],0,[],0,[],0,[],0,[],0,[],0,[],0,[],0,[],0,[],0,[],0,[],0,[],0,[],0,[],0,[],0,[],0,[],0,[],0,[],0,[],0,[],0,[],0,[],0,[],0,[],0,[],0,[],0,[],0,[],0,[],0,[],0,[],0,[],0,[],0,[],0,[],0,[],0,[],0,[],0,[],0,[],0,[],0,[],0,[],0,[],0,[],0,[],0,[],0,[],0,[],0,[],0,[],0,[],0,[],0,[],0,[],0,[],0,[],0,[],0,[],0,[],0,[],0,[],0,[],0,[],0,[]
89,Beethoven was born in the modern day country of,The pianist who eventually went deaf was born in the modern day country of,Beethoven,The pianist who eventually went deaf, Germany,0.008670976385474205,0.031433794647455215,0.0038347900845110416,0,0,0,[],0,[],0,[],0,[],0,[],0,[],0,[],0,[],0,[],0,[],0,[],0,[],0,[],0,[],0,[],0,[],0,[],0,[],0,[],0,[],0,[],0,[],0,[],0,[],0,[],0,[],0,[],0,[],0,[],0,[],0,[],0,[],0,[],0,[],0,[],0,[],0,[],0,[],0,[],0,[],0,[],0,[],0,[],0,[],0,[],0,[],0,[],0,[],0,[],0,[],0,[],0,[],0,[],0,[],0,[],0,[],0,[],0,[],0,[],0,[],0,[],0,[],0,[],0,[],0,[],0,[],0,[],0,[],0,[],0,[],0,[],0,[],0,[],0,[],0,[],0,[],0,[],0,[],0,[],0,[],0,[],0,[],0,[],0,[],0,[],0,[],0,[],0,[],0,[],0,[],0,[],0,[],0,[],0,[],0,[],0,[],0,[],0,[],0,[]
90,The father of Hermes is,The father of the Greek messenger god is,Hermes,Greek messenger god, Zeus,1.7761174603947438e-05,4.420252935233293e-06,2.0922150724800304e-05,0,0,0,[],0,[],0,[],0,[],0,[],0,[],0,[],0,[],0,[],0,[],0,[],0,[],0,[],0,[],0,[],0,[],0,[],0,[],0,[],0,[],0,[],0,[],0,[],0,[],0,[],0,[],0,[],0,[],0,[],0,[],0,[],0,[],0,[],0,[],0,[],0,[],0,[],0,[],0,[],0,[],0,[],0,[],0,[],0,[],0,[],0,[],0,[],0,[],0,[],0,[],0,[],0,[],0,[],0,[],0,[],0,[],0,[],0,[],0,[],0,[],0,[],0,[],0,[],0,[],0,[],0,[],0,[],0,[],0,[],0,[],0,[],0,[],0,[],0,[],0,[],0,[],0,[],0,[],0,[],0,[],0,[],0,[],0,[],0,[],0,[],0,[],0,[],0,[],0,[],0,[],0,[],0,[],0,[],0,[],0,[],0,[],0,[],0,[],0,[]
91,Thor is the son of,The God of Thunder is the son of,Thor,The God of Thunder, Odin,0.008391383104026318,0.08892441540956497,0.03733028098940849,0,0,0,[],0,[],0,[],0,[],0,[],0,[],0,[],0,[],0,[],0,[],0,[],0,[],0,[],0,[],0,[],0,[],0,[],0,[],0,[],0,[],0,[],0,[],0,[],0,[],0,[],0,[],0,[],0,[],0,[],0,[],0,[],0,[],0,[],0,[],0,[],0,[],0,[],0,[],0,[],0,[],0,[],0,[],0,[],0,[],0,[],0,[],0,[],0,[],0,[],0,[],0,[],0,[],0,[],0,[],0,[],0,[],0,[],0,[],0,[],0,[],0,[],0,[],0,[],0,[],0,[],0,[],0,[],0,[],0,[],0,[],0,[],0,[],0,[],0,[],0,[],0,[],0,[],0,[],0,[],0,[],0,[],0,[],0,[],0,[],0,[],0,[],0,[],0,[],0,[],0,[],0,[],0,[],0,[],0,[],0,[],0,[],0,[],0,[],0,[]
92,New York City is also known as The Big,The most populous city in the United States is also known as The Big,New York City,The most populous city in the United States, Apple,0.1300995796918869,0.7908756136894226,0.11655243486166,0,0,0,[],0,[],0,[],0,[],0,[],0,[],0,[],0,[],0,[],0,[],0,[],0,[],0,[],0,[],0,[],0,[],0,[],0,[],0,[],0,[],0,[],0,[],0,[],0,[],0,[],0,[],0,[],0,[],0,[],0,[],0,[],0,[],0,[],0,[],0,[],0,[],0,[],0,[],0,[],0,[],0,[],0,[],0,[],0,[],0,[],0,[],0,[],0,[],0,[],0,[],0,[],0,[],0,[],0,[],0,[],0,[],0,[],0,[],0,[],0,[],0,[],0,[],0,[],0,[],0,[],0,[],0,[],0,[],0,[],0,[],0,[],0,[],0,[],0,[],0,[],0,[],0,[],0,[],0,[],0,[],0,[],0,[],0,[],0,[],0,[],0,[],0,[],0,[],0,[],0,[],0,[],0,[],0,[],0,[],0,[],0,[],0,[],0,[],0,[]
93,Abraham Lincoln succeeded in abolishing,The first president to be assassinated succeeded in abolishing,Abraham Lincoln,The first president to be assassinated, slavery,0.3045530617237091,0.6761283278465271,0.6308953762054443,0,0,0,[],0,[],0,[],0,[],0,[],0,[],0,[],0,[],0,[],0,[],0,[],0,[],0,[],0,[],0,[],0,[],0,[],0,[],0,[],0,[],0,[],0,[],0,[],0,[],0,[],0,[],0,[],0,[],0,[],0,[],0,[],0,[],0,[],0,[],0,[],0,[],0,[],0,[],0,[],0,[],0,[],0,[],0,[],0,[],0,[],0,[],0,[],0,[],0,[],0,[],0,[],0,[],0,[],0,[],0,[],0,[],0,[],0,[],0,[],0,[],0,[],0,[],0,[],0,[],0,[],0,[],0,[],0,[],0,[],0,[],0,[],0,[],0,[],0,[],0,[],0,[],0,[],0,[],0,[],0,[],0,[],0,[],0,[],0,[],0,[],0,[],0,[],0,[],0,[],0,[],0,[],0,[],0,[],0,[],0,[],0,[],0,[],0,[],0,[]
94,Abraham Lincoln fought in the,The first president to be assassinated fought in the,Abraham Lincoln,The first president to be assassinated, Civil War,0.016880791634321213,0.5598102807998657,0.033996500074863434,0,0,0,[],0,[],0,[],0,[],0,[],0,[],0,[],0,[],0,[],0,[],0,[],0,[],0,[],0,[],0,[],0,[],0,[],0,[],0,[],0,[],0,[],0,[],0,[],0,[],0,[],0,[],0,[],0,[],0,[],0,[],0,[],0,[],0,[],0,[],0,[],0,[],0,[],0,[],0,[],0,[],0,[],0,[],0,[],0,[],0,[],0,[],0,[],0,[],0,[],0,[],0,[],0,[],0,[],0,[],0,[],0,[],0,[],0,[],0,[],0,[],0,[],0,[],0,[],0,[],0,[],0,[],0,[],0,[],0,[],0,[],0,[],0,[],0,[],0,[],0,[],0,[],0,[],0,[],0,[],0,[],0,[],0,[],0,[],0,[],0,[],0,[],0,[],0,[],0,[],0,[],0,[],0,[],0,[],0,[],0,[],0,[],0,[],0,[],0,[]
95,Medusa could turn people into,The goddess with snakes for hair could turn people into,Medusa,The goddess with snakes for hair, stone,0.0013656261144205928,0.000918118457775563,0.0011569667840376496,0,0,0,[],0,[],0,[],0,[],0,[],0,[],0,[],0,[],0,[],0,[],0,[],0,[],0,[],0,[],0,[],0,[],0,[],0,[],0,[],0,[],0,[],0,[],0,[],0,[],0,[],0,[],0,[],0,[],0,[],0,[],0,[],0,[],0,[],0,[],0,[],0,[],0,[],0,[],0,[],0,[],0,[],0,[],0,[],0,[],0,[],0,[],0,[],0,[],0,[],0,[],0,[],0,[],0,[],0,[],0,[],0,[],0,[],0,[],0,[],0,[],0,[],0,[],0,[],0,[],0,[],0,[],0,[],0,[],0,[],0,[],0,[],0,[],0,[],0,[],0,[],0,[],0,[],0,[],0,[],0,[],0,[],0,[],0,[],0,[],0,[],0,[],0,[],0,[],0,[],0,[],0,[],0,[],0,[],0,[],0,[],0,[],0,[],0,[],0,[]
96,Persephone is famous for eating a,The daughter of Demeter is famous for eating a,Persephone,the daughter of Demeter, pomegranate,0.001446979003958404,0.0008964219014160335,0.002117583528161049,0,0,0,[],0,[],0,[],0,[],0,[],0,[],0,[],0,[],0,[],0,[],0,[],0,[],0,[],0,[],0,[],0,[],0,[],0,[],0,[],0,[],0,[],0,[],0,[],0,[],0,[],0,[],0,[],0,[],0,[],0,[],0,[],0,[],0,[],0,[],0,[],0,[],0,[],0,[],0,[],0,[],0,[],0,[],0,[],0,[],0,[],0,[],0,[],0,[],0,[],0,[],0,[],0,[],0,[],0,[],0,[],0,[],0,[],0,[],0,[],0,[],0,[],0,[],0,[],0,[],0,[],0,[],0,[],0,[],0,[],0,[],0,[],0,[],0,[],0,[],0,[],0,[],0,[],0,[],0,[],0,[],0,[],0,[],0,[],0,[],0,[],0,[],0,[],0,[],0,[],0,[],0,[],0,[],0,[],0,[],0,[],0,[],0,[],0,[],0,[]
97,Oedipus married a woman named,The King of Thebes married a woman named,Oedipus,The King of Thebes, Jocasta,0.004521582741290331,0.005892287939786911,0.005717932712286711,0,0,0,[],0,[],0,[],0,[],0,[],0,[],0,[],0,[],0,[],0,[],0,[],0,[],0,[],0,[],0,[],0,[],0,[],0,[],0,[],0,[],0,[],0,[],0,[],0,[],0,[],0,[],0,[],0,[],0,[],0,[],0,[],0,[],0,[],0,[],0,[],0,[],0,[],0,[],0,[],0,[],0,[],0,[],0,[],0,[],0,[],0,[],0,[],0,[],0,[],0,[],0,[],0,[],0,[],0,[],0,[],0,[],0,[],0,[],0,[],0,[],0,[],0,[],0,[],0,[],0,[],0,[],0,[],0,[],0,[],0,[],0,[],0,[],0,[],0,[],0,[],0,[],0,[],0,[],0,[],0,[],0,[],0,[],0,[],0,[],0,[],0,[],0,[],0,[],0,[],0,[],0,[],0,[],0,[],0,[],0,[],0,[],0,[],0,[],0,[]
98,William Shakespeare was born in the country of,The Bard of Avon was born in the country of,William Shakespeare,The Bard of Avon, England,0.04300910606980324,0.10345529764890671,0.03430958837270737,0,0,0,[],0,[],0,[],0,[],0,[],0,[],0,[],0,[],0,[],0,[],0,[],0,[],0,[],0,[],0,[],0,[],0,[],0,[],0,[],0,[],0,[],0,[],0,[],0,[],0,[],0,[],0,[],0,[],0,[],0,[],0,[],0,[],0,[],0,[],0,[],0,[],0,[],0,[],0,[],0,[],0,[],0,[],0,[],0,[],0,[],0,[],0,[],0,[],0,[],0,[],0,[],0,[],0,[],0,[],0,[],0,[],0,[],0,[],0,[],0,[],0,[],0,[],0,[],0,[],0,[],0,[],0,[],0,[],0,[],0,[],0,[],0,[],0,[],0,[],0,[],0,[],0,[],0,[],0,[],0,[],0,[],0,[],0,[],0,[],0,[],0,[],0,[],0,[],0,[],0,[],0,[],0,[],0,[],0,[],0,[],0,[],0,[],0,[],0,[]
99,Hercules had a father named,The son of Hera had a father named,Hercules,The son of Hera, Zeus,0.011530758813023567,0.00015239574713632464,0.006317730061709881,0,0,0,[],0,[],0,[],0,[],0,[],0,[],0,[],0,[],0,[],0,[],0,[],0,[],0,[],0,[],0,[],0,[],0,[],0,[],0,[],0,[],0,[],0,[],0,[],0,[],0,[],0,[],0,[],0,[],0,[],0,[],0,[],0,[],0,[],0,[],0,[],0,[],0,[],0,[],0,[],0,[],0,[],0,[],0,[],0,[],0,[],0,[],0,[],0,[],0,[],0,[],0,[],0,[],0,[],0,[],0,[],0,[],0,[],0,[],0,[],0,[],0,[],0,[],0,[],0,[],0,[],0,[],0,[],0,[],0,[],0,[],0,[],0,[],0,[],0,[],0,[],0,[],0,[],0,[],0,[],0,[],0,[],0,[],0,[],0,[],0,[],0,[],0,[],0,[],0,[],0,[],0,[],0,[],0,[],0,[],0,[],0,[],0,[],0,[],0,[]
100,The Great Barrier Reef is located off the coast of the continent of,The largest coral reef system in the world is located off the coast of the continent of,The Great Barrier Reef,The largest coral reef system in the world, Australia,0.025157511234283447,0.1596706062555313,0.0465739481151104,0,0,0,[],0,[],0,[],0,[],0,[],0,[],0,[],0,[],0,[],0,[],0,[],0,[],0,[],0,[],0,[],0,[],0,[],0,[],0,[],0,[],0,[],0,[],0,[],0,[],0,[],0,[],0,[],0,[],0,[],0,[],0,[],0,[],0,[],0,[],0,[],0,[],0,[],0,[],0,[],0,[],0,[],0,[],0,[],0,[],0,[],0,[],0,[],0,[],0,[],0,[],0,[],0,[],0,[],0,[],0,[],0,[],0,[],0,[],0,[],0,[],0,[],0,[],0,[],0,[],0,[],0,[],0,[],0,[],0,[],0,[],0,[],0,[],0,[],0,[],0,[],0,[],0,[],0,[],0,[],0,[],0,[],0,[],0,[],0,[],0,[],0,[],0,[],0,[],0,[],0,[],0,[],0,[],0,[],0,[],0,[],0,[],0,[],0,[],0,[]
101,The Louvre Museum is located in the city of,The largest art museum in the world is located in the city of,The Louvre Museum,The largest art museum in the world, Paris,0.01268137339502573,0.40131598711013794,0.016818832606077194,0,0,0,[],0,[],0,[],0,[],0,[],0,[],0,[],0,[],0,[],0,[],0,[],0,[],0,[],0,[],0,[],0,[],0,[],0,[],0,[],0,[],0,[],0,[],0,[],0,[],0,[],0,[],0,[],0,[],0,[],0,[],0,[],0,[],0,[],0,[],0,[],0,[],0,[],0,[],0,[],0,[],0,[],0,[],0,[],0,[],0,[],0,[],0,[],0,[],0,[],0,[],0,[],0,[],0,[],0,[],0,[],0,[],0,[],0,[],0,[],0,[],0,[],0,[],0,[],0,[],0,[],0,[],0,[],0,[],0,[],0,[],0,[],0,[],0,[],0,[],0,[],0,[],0,[],0,[],0,[],0,[],0,[],0,[],0,[],0,[],0,[],0,[],0,[],0,[],0,[],0,[],0,[],0,[],0,[],0,[],0,[],0,[],0,[],0,[],0,[]
102,Mount Everest is located in the,The highest peak in the world is located in the,Mount Everest,The highest peak in the world, Himalayan,0.03403555601835251,0.1314520388841629,0.22579897940158844,0,0,0,[],0,[],0,[],0,[],0,[],0,[],0,[],0,[],0,[],0,[],0,[],0,[],0,[],0,[],0,[],0,[],0,[],0,[],0,[],0,[],0,[],0,[],0,[],0,[],0,[],0,[],0,[],0,[],0,[],0,[],0,[],0,[],0,[],0,[],0,[],0,[],0,[],0,[],0,[],0,[],0,[],0,[],0,[],0,[],0,[],0,[],0,[],0,[],0,[],0,[],0,[],0,[],0,[],0,[],0,[],0,[],0,[],0,[],0,[],0,[],0,[],0,[],0,[],0,[],0,[],0,[],0,[],0,[],0,[],0,[],0,[],0,[],0,[],0,[],0,[],0,[],0,[],0,[],0,[],0,[],0,[],0,[],0,[],0,[],0,[],0,[],0,[],0,[],0,[],0,[],0,[],0,[],0,[],0,[],0,[],0,[],0,[],0,[],0,[]
103,Mammoth Cave is located in,The longest known cave system is located in ,Mammoth Cave,The longest known cave system, Kentucky,7.072621883708052e-07,0.00016820877499412745,1.1588371506832118e-07,0,0,0,[],0,[],0,[],0,[],0,[],0,[],0,[],0,[],0,[],0,[],0,[],0,[],0,[],0,[],0,[],0,[],0,[],0,[],0,[],0,[],0,[],0,[],0,[],0,[],0,[],0,[],0,[],0,[],0,[],0,[],0,[],0,[],0,[],0,[],0,[],0,[],0,[],0,[],0,[],0,[],0,[],0,[],0,[],0,[],0,[],0,[],0,[],0,[],0,[],0,[],0,[],0,[],0,[],0,[],0,[],0,[],0,[],0,[],0,[],0,[],0,[],0,[],0,[],0,[],0,[],0,[],0,[],0,[],0,[],0,[],0,[],0,[],0,[],0,[],0,[],0,[],0,[],0,[],0,[],0,[],0,[],0,[],0,[],0,[],0,[],0,[],0,[],0,[],0,[],0,[],0,[],0,[],0,[],0,[],0,[],0,[],0,[],0,[],0,[]
104,The blue whale is a,The largest animal to exist is a,blue whale,largest animal to exist, mammal,0.00483144074678421,0.00421249121427536,0.007764480076730251,0,0,0,[],0,[],0,[],0,[],0,[],0,[],0,[],0,[],0,[],0,[],0,[],0,[],0,[],0,[],0,[],0,[],0,[],0,[],0,[],0,[],0,[],0,[],0,[],0,[],0,[],0,[],0,[],0,[],0,[],0,[],0,[],0,[],0,[],0,[],0,[],0,[],0,[],0,[],0,[],0,[],0,[],0,[],0,[],0,[],0,[],0,[],0,[],0,[],0,[],0,[],0,[],0,[],0,[],0,[],0,[],0,[],0,[],0,[],0,[],0,[],0,[],0,[],0,[],0,[],0,[],0,[],0,[],0,[],0,[],0,[],0,[],0,[],0,[],0,[],0,[],0,[],0,[],0,[],0,[],0,[],0,[],0,[],0,[],0,[],0,[],0,[],0,[],0,[],0,[],0,[],0,[],0,[],0,[],0,[],0,[],0,[],0,[],0,[],0,[]
105,Jupiter is the largest planet in the solar,The fifth planet from the sun is the largest planet in the solar,Jupiter,The fifth planet from the sun, system,0.994953453540802,0.9975762963294983,0.9896451234817505,0,0,0,[],0,[],0,[],0,[],0,[],0,[],0,[],0,[],0,[],0,[],0,[],0,[],0,[],0,[],0,[],0,[],0,[],0,[],0,[],0,[],0,[],0,[],0,[],0,[],0,[],0,[],0,[],0,[],0,[],0,[],0,[],0,[],0,[],0,[],0,[],0,[],0,[],0,[],0,[],0,[],0,[],0,[],0,[],0,[],0,[],0,[],0,[],0,[],0,[],0,[],0,[],0,[],0,[],0,[],0,[],0,[],0,[],0,[],0,[],0,[],0,[],0,[],0,[],0,[],0,[],0,[],0,[],0,[],0,[],0,[],0,[],0,[],0,[],0,[],0,[],0,[],0,[],0,[],0,[],0,[],0,[],0,[],0,[],0,[],0,[],0,[],0,[],0,[],0,[],0,[],0,[],0,[],0,[],0,[],0,[],0,[],0,[],0,[],0,[]
